-- MySQL dump 10.13  Distrib 8.0.44, for Linux (x86_64)
--
-- Host: localhost    Database: _backend
-- ------------------------------------------------------
-- Server version	8.0.44-0ubuntu0.24.04.1

/*!40101 SET @OLD_CHARACTER_SET_CLIENT=@@CHARACTER_SET_CLIENT */;
/*!40101 SET @OLD_CHARACTER_SET_RESULTS=@@CHARACTER_SET_RESULTS */;
/*!40101 SET @OLD_COLLATION_CONNECTION=@@COLLATION_CONNECTION */;
/*!50503 SET NAMES utf8mb4 */;
/*!40103 SET @OLD_TIME_ZONE=@@TIME_ZONE */;
/*!40103 SET TIME_ZONE='+00:00' */;
/*!40014 SET @OLD_UNIQUE_CHECKS=@@UNIQUE_CHECKS, UNIQUE_CHECKS=0 */;
/*!40014 SET @OLD_FOREIGN_KEY_CHECKS=@@FOREIGN_KEY_CHECKS, FOREIGN_KEY_CHECKS=0 */;
/*!40101 SET @OLD_SQL_MODE=@@SQL_MODE, SQL_MODE='NO_AUTO_VALUE_ON_ZERO' */;
/*!40111 SET @OLD_SQL_NOTES=@@SQL_NOTES, SQL_NOTES=0 */;

--
-- Table structure for table `actors`
--

DROP TABLE IF EXISTS `actors`;
/*!40101 SET @saved_cs_client     = @@character_set_client */;
/*!50503 SET character_set_client = utf8mb4 */;
CREATE TABLE `actors` (
  `id` bigint NOT NULL AUTO_INCREMENT,
  `name` varchar(255) NOT NULL,
  PRIMARY KEY (`id`),
  UNIQUE KEY `UK1gagqkxrjo8341on94djf9y01` (`name`)
) ENGINE=InnoDB AUTO_INCREMENT=239 DEFAULT CHARSET=utf8mb4 COLLATE=utf8mb4_0900_ai_ci;
/*!40101 SET character_set_client = @saved_cs_client */;

--
-- Dumping data for table `actors`
--

LOCK TABLES `actors` WRITE;
/*!40000 ALTER TABLE `actors` DISABLE KEYS */;
INSERT INTO `actors` VALUES (131,'A.J. Buckley'),(204,'Abraham Benrubi'),(49,'Adam Brown'),(48,'Aidan Turner'),(30,'Alan D. Purwin'),(25,'Alan Rickman'),(73,'Albert Finney'),(68,'Alexander Skarsgård'),(191,'Alice Englert'),(214,'America Ferrera'),(159,'Amy Poehler'),(52,'Andrew Garfield'),(186,'Angelina Jolie Pitt'),(77,'Anne Hathaway'),(229,'Anthony Hopkins'),(224,'Atsuko Maeda'),(164,'Bai Ling'),(113,'Benedict Cumberbatch'),(111,'Bernie Sanders'),(183,'Bill Murray'),(87,'Bingbing Li'),(192,'Bipasha Basu'),(19,'Brad Garrett'),(107,'Brad Pitt'),(218,'Bradley Cooper'),(166,'Brendan Fraser'),(230,'Brian Blessed'),(114,'Bruce Greenwood'),(70,'Bryce Dallas Howard'),(217,'Carolyn Hennesy'),(194,'Cary-Hiroyuki Tagawa'),(152,'Casper Crump'),(1,'CCH Pounder'),(150,'Channing Tatum'),(124,'Charlie Hunnam'),(234,'Charlotte Rampling'),(162,'Chloë Grace Moretz'),(200,'Chris Bauer'),(66,'Chris Evans'),(22,'Chris Hemsworth'),(53,'Chris Zylka'),(11,'Christian Bale'),(7,'Christoph Waltz'),(57,'Christopher Lee'),(38,'Christopher Meloni'),(125,'Clifton Collins Jr.'),(148,'Colin Firth'),(102,'Common'),(215,'Craig Ferguson'),(42,'Damián Alcázar'),(202,'Damon Wayans Jr.'),(142,'Dana Ivey'),(80,'Daniel Cudmore'),(203,'Daniel Henney'),(26,'Daniel Radcliffe'),(235,'Daryl Hannah'),(13,'Daryl Sabara'),(157,'Delroy Lindo'),(179,'Dennis Quaid'),(219,'Djimon Hounsou'),(76,'Don Cheadle'),(101,'Don Rickles'),(20,'Donna Murphy'),(208,'Eddie Deezen'),(95,'Eddie Izzard'),(116,'Eddie Marsan'),(151,'Eddie Redmayne'),(119,'Elizabeth Debicki'),(51,'Emma Stone'),(58,'Eva Green'),(62,'Evan Parke'),(237,'Everett Sloane'),(117,'Ewen Bremner'),(33,'Frank Langella'),(139,'Fred Willard'),(184,'Garry Shandling'),(149,'Gary Oldman'),(213,'Gerard Butler'),(34,'Giancarlo Giannini'),(84,'Glenn Morshower'),(65,'Gloria Stuart'),(128,'Harrison Ford'),(39,'Harry Lennix'),(196,'Hayley Atwell'),(74,'Helen McCrory'),(28,'Henry Cavill'),(78,'Hugh Jackman'),(169,'Ike Barinholtz'),(16,'J.K. Simmons'),(6,'Jack Davenport'),(205,'Jack McBrayer'),(132,'Jack McGraw'),(232,'Jacques Perrin'),(227,'Jaime King'),(121,'Jake Gyllenhaal'),(93,'James Frain'),(17,'James Franco'),(50,'James Nesbitt'),(103,'Jason Statham'),(176,'Jeanne Tripplehorn'),(91,'Jeff Bridges'),(140,'Jeff Garlin'),(226,'Jennifer Garner'),(112,'Jennifer Lawrence'),(158,'Jess Harnell'),(165,'Jet Li'),(130,'Jim Broadbent'),(170,'Jimmy Bennett'),(195,'Jin Akanishi'),(207,'Joe Lo Truglio'),(94,'Joe Mantegna'),(2,'Joel David Moore'),(100,'John Ratzenberger'),(4,'Johnny Depp'),(75,'Jon Favreau'),(197,'Jon Hamm'),(225,'Jordana Brewster'),(12,'Joseph Gordon-Levitt'),(212,'Judd Hirsch'),(71,'Judy Greer'),(135,'Julie Walters'),(64,'Kate Winslet'),(198,'Kathy Griffin'),(193,'Keanu Reeves'),(134,'Kelly Macdonald'),(79,'Kelsey Grammer'),(85,'Kevin Dunn'),(31,'Kevin Spacey'),(153,'Kiran Shah'),(18,'Kirsten Dunst'),(189,'Kodi Smit-McPhee'),(185,'Kristen Stewart'),(59,'Kristin Scott Thomas'),(174,'Lara Pulver'),(126,'Larry Joe Campbell'),(29,'Lauren Cohan'),(180,'Leo Howard'),(63,'Leonardo DiCaprio'),(127,'Lester Speight'),(145,'Liam James'),(67,'Liam Neeson'),(138,'Lydia Wilson'),(21,'M.C. Gainey'),(221,'Mackenzie Foy'),(228,'Mako'),(54,'Mark Addy'),(222,'Mark Chinnery'),(32,'Marlon Brando'),(199,'Mary Kay Place'),(35,'Mathieu Amalric'),(220,'Matthew McConaughey'),(137,'Melissa Roxburgh'),(155,'Michael Fassbender'),(110,'Michael Moore'),(46,'Michael Stuhlbarg'),(90,'Mila Kunis'),(181,'Mindy Kaling'),(108,'Mireille Enos'),(171,'Morgan Freeman'),(60,'Naomi Watts'),(216,'Nick Stahl'),(47,'Nicole Scherzinger'),(175,'Noah Taylor'),(115,'Noel Clarke'),(143,'Noémie Lenoir'),(144,'Oliver Platt'),(92,'Olivia Wilde'),(72,'Omar Sy'),(5,'Orlando Bloom'),(104,'Paul Walker'),(231,'Pedro Armendáriz Jr.'),(106,'Peter Capaldi'),(40,'Peter Dinklage'),(209,'Peter Scolari'),(133,'Peter Sohn'),(182,'Phyllis Smith'),(41,'Pierfrancesco Favino'),(15,'Polly Walker'),(160,'Rainn Wilson'),(118,'Ralph Brown'),(86,'Ramon Rodriguez'),(129,'Ray Winstone'),(123,'Reece Ritchie'),(122,'Richard Coyle'),(177,'Rick Aviles'),(233,'Rie Miyazawa'),(236,'Rita Hayworth'),(23,'Robert Downey Jr.'),(168,'Robin Atkin Downes'),(147,'Robin Wright'),(109,'Ronald Reagan'),(8,'Rory Kinnear'),(27,'Rupert Grint'),(167,'Russell Wong'),(36,'Ruth Wilson'),(96,'Ryan Reynolds'),(163,'Salma Hayek'),(43,'Sam Claflin'),(188,'Sam Riley'),(14,'Samantha Morton'),(206,'Sarah Silverman'),(24,'Scarlett Johansson'),(56,'Scott Grimes'),(83,'Sean Hayes'),(211,'Sela Ward'),(154,'Shane Rangi'),(187,'Sharlto Copley'),(223,'Shin\'ya Tsukamoto'),(136,'Sofia Boutella'),(88,'Sophia Myles'),(9,'Stephanie Sigman'),(161,'Stephen Colbert'),(44,'Stephen Graham'),(120,'Steve Bisley'),(81,'Steve Buscemi'),(172,'Steve Carell'),(69,'Tadanobu Asano'),(98,'Taika Waititi'),(190,'Tamsin Egerton'),(238,'Ted de Corsia'),(97,'Temuera Morrison'),(61,'Thomas Kretschmann'),(201,'Thomas Robinson'),(89,'Tim Holmes'),(173,'Tom Cruise'),(99,'Tom Hanks'),(10,'Tom Hardy'),(146,'Tom McCarthy'),(37,'Tom Wilkinson'),(156,'Tye Sheridan'),(82,'Tyler Labine'),(141,'Tzi Ma'),(105,'Vin Diesel'),(210,'Vivica A. Fox'),(3,'Wes Studi'),(45,'Will Smith'),(55,'William Hurt'),(178,'Zakes Mokae');
/*!40000 ALTER TABLE `actors` ENABLE KEYS */;
UNLOCK TABLES;

--
-- Table structure for table `albums`
--

DROP TABLE IF EXISTS `albums`;
/*!40101 SET @saved_cs_client     = @@character_set_client */;
/*!50503 SET character_set_client = utf8mb4 */;
CREATE TABLE `albums` (
  `id` bigint NOT NULL AUTO_INCREMENT,
  `image_url` varchar(255) DEFAULT NULL,
  `release_year` int DEFAULT NULL,
  `title` varchar(255) NOT NULL,
  `artist_id` bigint DEFAULT NULL,
  PRIMARY KEY (`id`),
  KEY `FK72gqyi6l1j674radjyitcm86f` (`artist_id`),
  CONSTRAINT `FK72gqyi6l1j674radjyitcm86f` FOREIGN KEY (`artist_id`) REFERENCES `artists` (`id`)
) ENGINE=InnoDB AUTO_INCREMENT=101 DEFAULT CHARSET=utf8mb4 COLLATE=utf8mb4_0900_ai_ci;
/*!40101 SET character_set_client = @saved_cs_client */;

--
-- Dumping data for table `albums`
--

LOCK TABLES `albums` WRITE;
/*!40000 ALTER TABLE `albums` DISABLE KEYS */;
INSERT INTO `albums` VALUES (1,NULL,2025,'All I Want For Christmas Is You - Single',1),(2,NULL,2025,'Jingle Bell Rock - Single',2),(3,NULL,2025,'Rockin\' Around The Christmas Tree - Single',3),(4,NULL,2025,'Last Christmas - Single',4),(5,NULL,2025,'Santa Tell Me - Single',5),(6,NULL,2025,'The Christmas Song (Merry Christmas To You) - Single',6),(7,NULL,2025,'Underneath The Tree - Single',7),(8,NULL,2025,'Let It Snow! Let It Snow! Let It Snow! - Single',8),(9,NULL,2025,'It\'s The Most Wonderful Time Of The Year - Single',9),(10,NULL,2025,'The Fate Of Ophelia - Single',10),(11,NULL,2025,'Golden - Single',11),(12,NULL,2025,'Sleigh Ride - Single',12),(13,NULL,2025,'It\'s Beginning To Look A Lot Like Christmas - Single',13),(14,NULL,2025,'Feliz Navidad - Single',14),(15,NULL,2025,'Ordinary - Single',15),(16,NULL,2025,'A Holly Jolly Christmas - Single',16),(17,NULL,2025,'Christmas (Baby Please Come Home) - Single',17),(18,NULL,2025,'Man I Need - Single',18),(19,NULL,2025,'Run Rudolph Run - Single',19),(20,NULL,2025,'White Christmas (1947) - Single',20),(21,NULL,2025,'Jingle Bells - Single',21),(22,NULL,2025,'FDO - Single',22),(23,NULL,2025,'It\'s Beginning To Look A Lot Like Christmas - Single',23),(24,NULL,2025,'Santa Baby - Single',24),(25,NULL,2025,'Deck The Halls - Single',25),(26,NULL,2025,'Choosin\' Texas - Single',26),(27,NULL,2025,'Blue Christmas - Single',27),(28,NULL,2025,'Here Comes Santa Claus (Right Down Santa Claus Lane) - Single',28),(29,NULL,2025,'Like It\'s Christmas - Single',29),(30,NULL,2025,'Back To Friends - Single',30),(31,NULL,2025,'Mutt - Single',31),(32,NULL,2025,'Wonderful Christmastime - Single',32),(33,NULL,2025,'Please Come Home For Christmas - Single',33),(34,NULL,2025,'Folded - Single',34),(35,NULL,2025,'Rudolph The Red-Nosed Reindeer - Single',35),(36,NULL,2025,'Christmastime Is Here - Single',36),(37,NULL,2025,'Opalite - Single',10),(38,NULL,2025,'Santa, Can\'t You Hear Me - Single',37),(39,NULL,2025,'You\'re A Mean One, Mr. Grinch - Single',38),(40,NULL,2025,'Holly Jolly Christmas - Single',13),(41,NULL,2025,'Little Saint Nick - Single',39),(42,NULL,2025,'Merry Christmas - Single',40),(43,NULL,2025,'Mistletoe - Single',41),(44,NULL,2025,'Daisies - Single',41),(45,NULL,2025,'Baby It\'s Cold Outside - Single',8),(46,NULL,2025,'(There\'s No Place Like) Home For The Holidays (1959) - Single',42),(47,NULL,2025,'This Christmas - Single',43),(48,NULL,2025,'Santa Claus Is Comin\' To Town - Single',44),(49,NULL,2025,'Happy Holiday / The Holiday Season - Single',9),(50,NULL,2025,'Winter Wonderland - Single',17),(51,NULL,2025,'Mr Recoup - Single',45),(52,NULL,2025,'It Depends - Single',46),(53,NULL,2025,'Where Is My Husband! - Single',47),(54,NULL,2025,'So Easy (To Fall In Love) - Single',18),(55,NULL,2025,'Don\'t Mind If I Do - Single',48),(56,NULL,2025,'Tit For Tat - Single',49),(57,NULL,2025,'wgft - Single',50),(58,NULL,2025,'20 Cigarettes - Single',51),(59,NULL,2025,'Is It A Crime - Single',52),(60,NULL,2025,'Gabriela - Single',53),(61,NULL,2025,'Nice To Meet You - Single',54),(62,NULL,2025,'Yukon - Single',41),(63,NULL,2025,'Happen To Me - Single',55),(64,NULL,2025,'Hell At Night - Single',56),(65,NULL,2025,'6 Months Later - Single',57),(66,NULL,2025,'House Again - Single',58),(67,NULL,2025,'Tears - Single',59),(68,NULL,2025,'Better Me For You (Brown Eyes) - Single',60),(69,NULL,2025,'A Couple Minutes - Single',18),(70,NULL,2025,'The Fall - Single',61),(71,NULL,2025,'Shake The Snow Globe - Single',62),(72,NULL,2025,'Shot Callin - Single',63),(73,NULL,2025,'Amen - Single',64),(74,NULL,2025,'I Thought I Saw Your Face Today - Single',65),(75,NULL,2025,'Eternity - Single',15),(76,NULL,2025,'Favorite Country Song - Single',66),(77,NULL,2025,'HA - Single',67),(78,NULL,2025,'Dracula - Single',68),(79,NULL,2025,'12 To 12 - Single',30),(80,NULL,2025,'How Far Does A Goodbye Go - Single',69),(81,NULL,2025,'Take Me Thru Dere - Single',70),(82,NULL,2025,'Turn The Lights Off - Single',71),(83,NULL,2025,'ErrTime - Single',72),(84,NULL,2025,'Cowgirl - Single',73),(85,NULL,2025,'Elizabeth Taylor - Single',10),(86,NULL,2025,'Where You From - Single',67),(87,NULL,2025,'Days Like These - Single',74),(88,NULL,2025,'Camera - Single',75),(89,NULL,2025,'Stepbrothers - Single',76),(90,NULL,2025,'Last One To Know - Single',77),(91,NULL,2025,'Travelin\' Soldier - Single',61),(92,NULL,2025,'Gone Gone Gone - Single',78),(93,NULL,2025,'Dog $hit - Single',79),(94,NULL,2025,'Chanel - Single',80),(95,NULL,2025,'4 Raws - Single',81),(96,NULL,2025,'Sugar On My Tongue - Single',82),(97,NULL,2025,'Father Figure - Single',10),(98,NULL,2025,'3am - Single',83),(99,NULL,2025,'Darlin\' - Single',84),(100,NULL,2025,'I Ain\'t Coming Back - Single',85);
/*!40000 ALTER TABLE `albums` ENABLE KEYS */;
UNLOCK TABLES;

--
-- Table structure for table `artists`
--

DROP TABLE IF EXISTS `artists`;
/*!40101 SET @saved_cs_client     = @@character_set_client */;
/*!50503 SET character_set_client = utf8mb4 */;
CREATE TABLE `artists` (
  `id` bigint NOT NULL AUTO_INCREMENT,
  `bio` text,
  `image_url` varchar(255) DEFAULT NULL,
  `name` varchar(255) NOT NULL,
  PRIMARY KEY (`id`),
  UNIQUE KEY `UKs2uno1rfqbsn8cs67rhdw6psn` (`name`)
) ENGINE=InnoDB AUTO_INCREMENT=86 DEFAULT CHARSET=utf8mb4 COLLATE=utf8mb4_0900_ai_ci;
/*!40101 SET character_set_client = @saved_cs_client */;

--
-- Dumping data for table `artists`
--

LOCK TABLES `artists` WRITE;
/*!40000 ALTER TABLE `artists` DISABLE KEYS */;
INSERT INTO `artists` VALUES (1,NULL,NULL,'Mariah Carey'),(2,NULL,NULL,'Bobby Helms'),(3,NULL,NULL,'Brenda Lee'),(4,NULL,NULL,'Wham!'),(5,NULL,NULL,'Ariana Grande'),(6,NULL,NULL,'Nat \"King\" Cole'),(7,NULL,NULL,'Kelly Clarkson'),(8,NULL,NULL,'Dean Martin'),(9,NULL,NULL,'Andy Williams'),(10,NULL,NULL,'Taylor Swift'),(11,NULL,NULL,'HUNTR/X: EJAE, Audrey Nuna & REI AMI'),(12,NULL,NULL,'The Ronettes'),(13,NULL,NULL,'Michael Buble'),(14,NULL,NULL,'Jose Feliciano'),(15,NULL,NULL,'Alex Warren'),(16,NULL,NULL,'Burl Ives'),(17,NULL,NULL,'Darlene Love'),(18,NULL,NULL,'Olivia Dean'),(19,NULL,NULL,'Chuck Berry'),(20,NULL,NULL,'Bing CrosbyWith Ken Darby Singers & John Scott Trotter & His Orchestra'),(21,NULL,NULL,'Frank SinatraWith The Orchestra & Chorus Of Gordon Jenkins'),(22,NULL,NULL,'Pooh Shiesty'),(23,NULL,NULL,'Perry ComoAnd The Fontane Sisters WithMitchell Ayres And His Orchestra'),(24,NULL,NULL,'Eartha KittWith Henri Rene And His Orchestra'),(25,NULL,NULL,'Nat King Cole'),(26,NULL,NULL,'Ella Langley'),(27,NULL,NULL,'Elvis Presley'),(28,NULL,NULL,'Gene Autry'),(29,NULL,NULL,'Jonas Brothers'),(30,NULL,NULL,'sombr'),(31,NULL,NULL,'Leon Thomas'),(32,NULL,NULL,'Paul McCartney'),(33,NULL,NULL,'Eagles'),(34,NULL,NULL,'Kehlani'),(35,NULL,NULL,'Gene Autry& The Pinafores'),(36,NULL,NULL,'Vince Guaraldi Trio'),(37,NULL,NULL,'Kelly Clarkson&Ariana Grande'),(38,NULL,NULL,'Thurl Ravenscroft'),(39,NULL,NULL,'The Beach Boys'),(40,NULL,NULL,'Ed Sheeran&Elton John'),(41,NULL,NULL,'Justin Bieber'),(42,NULL,NULL,'Perry ComoWith Mitchell Ayers And His Orchestra'),(43,NULL,NULL,'Donny Hathaway'),(44,NULL,NULL,'Jackson 5'),(45,NULL,NULL,'21 Savage&Drake'),(46,NULL,NULL,'Chris BrownFeaturingBryson Tiller'),(47,NULL,NULL,'RAYE'),(48,NULL,NULL,'Riley GreenFeaturing Ella Langley'),(49,NULL,NULL,'Tate McRae'),(50,NULL,NULL,'GunnaFeaturingBurna Boy'),(51,NULL,NULL,'Morgan Wallen'),(52,NULL,NULL,'Mariah The Scientist&Kali Uchis'),(53,NULL,NULL,'KATSEYE'),(54,NULL,NULL,'Myles Smith'),(55,NULL,NULL,'Russell Dickerson'),(56,NULL,NULL,'BigXthaPlug Featuring Ella Langley'),(57,NULL,NULL,'Megan Moroney'),(58,NULL,NULL,'Hudson Westbrook'),(59,NULL,NULL,'Sabrina Carpenter'),(60,NULL,NULL,'Max McNown'),(61,NULL,NULL,'Cody Johnson'),(62,NULL,NULL,'Gwen Stefani'),(63,NULL,NULL,'YoungBoy Never Broke Again'),(64,NULL,NULL,'Shaboozey&Jelly Roll'),(65,NULL,NULL,'She & Him'),(66,NULL,NULL,'HARDY'),(67,NULL,NULL,'21 Savage'),(68,NULL,NULL,'Tame Impala'),(69,NULL,NULL,'Jason Aldean'),(70,NULL,NULL,'Metro Boomin,Quavo, Breskii & YKNIECE'),(71,NULL,NULL,'KATO Featuring Jon'),(72,NULL,NULL,'Cardi B'),(73,NULL,NULL,'Parmalee'),(74,NULL,NULL,'Luke Combs'),(75,NULL,NULL,'Ed Sheeran'),(76,NULL,NULL,'21 Savage& Young Nudy'),(77,NULL,NULL,'Gavin Adcock'),(78,NULL,NULL,'David Guetta,Teddy Swims&Tones And I'),(79,NULL,NULL,'21 Savage&GloRilla'),(80,NULL,NULL,'Tyla'),(81,NULL,NULL,'EsDeeKid'),(82,NULL,NULL,'Tyler, The Creator'),(83,NULL,NULL,'Loe Shimmy &Don Toliver'),(84,NULL,NULL,'Chase Matthew'),(85,NULL,NULL,'Morgan WallenFeaturingPost Malone');
/*!40000 ALTER TABLE `artists` ENABLE KEYS */;
UNLOCK TABLES;

--
-- Table structure for table `directors`
--

DROP TABLE IF EXISTS `directors`;
/*!40101 SET @saved_cs_client     = @@character_set_client */;
/*!50503 SET character_set_client = utf8mb4 */;
CREATE TABLE `directors` (
  `id` bigint NOT NULL AUTO_INCREMENT,
  `name` varchar(255) NOT NULL,
  PRIMARY KEY (`id`),
  UNIQUE KEY `UKt6u48cmktdmyieuc2b6y4umn` (`name`)
) ENGINE=InnoDB AUTO_INCREMENT=74 DEFAULT CHARSET=utf8mb4 COLLATE=utf8mb4_0900_ai_ci;
/*!40101 SET character_set_client = @saved_cs_client */;

--
-- Dumping data for table `directors`
--

LOCK TABLES `directors` WRITE;
/*!40000 ALTER TABLE `directors` DISABLE KEYS */;
INSERT INTO `directors` VALUES (13,'Andrew Adamson'),(5,'Andrew Stanton'),(20,'Anthony Russo'),(15,'Barry Sonnenfeld'),(36,'Baz Luhrmann'),(62,'Brad Bird'),(25,'Brett Ratner'),(11,'Bryan Singer'),(60,'Carl Rinsch'),(19,'Chris Weitz'),(4,'Christopher Nolan'),(22,'Colin Trevorrow'),(26,'Dan Scanlon'),(50,'David Ayer'),(9,'David Yates'),(65,'Dean DeBlois'),(63,'Don Hall'),(52,'Doug Liman'),(2,'Gore Verbinski'),(38,'Guillermo del Toro'),(68,'Hideaki Anno'),(35,'J.J. Abrams'),(70,'Jacques Perrin'),(1,'James Cameron'),(67,'James Gunn'),(33,'James Wan'),(71,'Jean-Jacques Mantello'),(29,'John Lasseter'),(55,'Jon Favreau'),(66,'Jonathan Mostow'),(28,'Joseph Kosinski'),(8,'Joss Whedon'),(42,'Justin Lin'),(53,'Kevin Reynolds'),(73,'Kishimoto'),(45,'Lana Wachowski'),(31,'Lee Unkrich'),(12,'Marc Forster'),(17,'Marc Webb'),(41,'Mark Andrews'),(30,'Martin Campbell'),(48,'Martin Scorsese'),(58,'Matt Reeves'),(32,'McG'),(27,'Michael Bay'),(34,'Michael Moore'),(61,'Mike Mitchell'),(37,'Mike Newell'),(7,'Nathan Greno'),(69,'Oliver Stone'),(72,'Orson Welles'),(46,'Pete Docter'),(21,'Peter Berg'),(16,'Peter Jackson'),(40,'Peter Sohn'),(64,'Rich Moore'),(18,'Ridley Scott'),(49,'Rob Cohen'),(47,'Rob Letterman'),(14,'Rob Marshall'),(57,'Robert Stromberg'),(44,'Robert Zemeckis'),(43,'Roland Emmerich'),(59,'Roland Joffé'),(56,'Rupert Sanders'),(3,'Sam Mendes'),(6,'Sam Raimi'),(23,'Shane Black'),(54,'Stephen Sommers'),(39,'Steven Spielberg'),(24,'Tim Burton'),(51,'Tom Shadyac'),(10,'Zack Snyder');
/*!40000 ALTER TABLE `directors` ENABLE KEYS */;
UNLOCK TABLES;

--
-- Table structure for table `genres`
--

DROP TABLE IF EXISTS `genres`;
/*!40101 SET @saved_cs_client     = @@character_set_client */;
/*!50503 SET character_set_client = utf8mb4 */;
CREATE TABLE `genres` (
  `id` bigint NOT NULL AUTO_INCREMENT,
  `name` varchar(255) NOT NULL,
  PRIMARY KEY (`id`),
  UNIQUE KEY `UKpe1a9woik1k97l87cieguyhh4` (`name`)
) ENGINE=InnoDB AUTO_INCREMENT=25 DEFAULT CHARSET=utf8mb4 COLLATE=utf8mb4_0900_ai_ci;
/*!40101 SET character_set_client = @saved_cs_client */;

--
-- Dumping data for table `genres`
--

LOCK TABLES `genres` WRITE;
/*!40000 ALTER TABLE `genres` DISABLE KEYS */;
INSERT INTO `genres` VALUES (1,'Action'),(2,'Adventure'),(7,'Animation'),(24,'Anime'),(21,'Biography'),(8,'Comedy'),(16,'Crime'),(18,'Documentary'),(13,'Drama'),(9,'Family'),(3,'Fantasy'),(23,'Film-Noir'),(14,'History'),(17,'Horror'),(10,'Musical'),(11,'Mystery'),(19,'News'),(6,'Romance'),(4,'Sci-Fi'),(22,'Short'),(15,'Sport'),(5,'Thriller'),(20,'War'),(12,'Western');
/*!40000 ALTER TABLE `genres` ENABLE KEYS */;
UNLOCK TABLES;

--
-- Table structure for table `media`
--

DROP TABLE IF EXISTS `media`;
/*!40101 SET @saved_cs_client     = @@character_set_client */;
/*!50503 SET character_set_client = utf8mb4 */;
CREATE TABLE `media` (
  `id` bigint NOT NULL AUTO_INCREMENT,
  `created_at` datetime(6) NOT NULL,
  `file_name` varchar(255) NOT NULL,
  `file_path` varchar(255) NOT NULL,
  `file_size` bigint DEFAULT NULL,
  `file_type` varchar(255) NOT NULL,
  PRIMARY KEY (`id`)
) ENGINE=InnoDB AUTO_INCREMENT=10 DEFAULT CHARSET=utf8mb4 COLLATE=utf8mb4_0900_ai_ci;
/*!40101 SET character_set_client = @saved_cs_client */;

--
-- Dumping data for table `media`
--

LOCK TABLES `media` WRITE;
/*!40000 ALTER TABLE `media` DISABLE KEYS */;
INSERT INTO `media` VALUES (1,'2025-12-28 22:55:37.669982','71d7d44c-5f11-4cad-9eaa-db126245b0cc_test_poster.jpg','uploads/71d7d44c-5f11-4cad-9eaa-db126245b0cc_test_poster.jpg',20,'image/jpeg'),(2,'2025-12-28 23:01:12.067206','8894435d-11aa-4180-bfca-62d65c6a0879_Screenshot from 2024-12-04 01-45-44.png','uploads/8894435d-11aa-4180-bfca-62d65c6a0879_Screenshot from 2024-12-04 01-45-44.png',1041546,'image/png'),(3,'2025-12-28 23:12:46.488272','0f94ffd4-fe18-49f6-aac3-bed5fcd0287f_Screenshot from 2024-12-04 01-45-44.png','uploads/0f94ffd4-fe18-49f6-aac3-bed5fcd0287f_Screenshot from 2024-12-04 01-45-44.png',1041546,'image/png'),(4,'2025-12-28 23:17:01.629244','236a39f6-1d78-49f1-a508-350926d97407_Screenshot from 2024-12-04 01-45-44.png','uploads/236a39f6-1d78-49f1-a508-350926d97407_Screenshot from 2024-12-04 01-45-44.png',1041546,'image/png'),(5,'2025-12-28 23:19:06.626502','081dc723-b0d6-42a7-b0a8-ab313a0fa37a_Screenshot from 2024-12-04 01-45-44.png','uploads/081dc723-b0d6-42a7-b0a8-ab313a0fa37a_Screenshot from 2024-12-04 01-45-44.png',1041546,'image/png'),(6,'2025-12-28 23:26:24.622786','445b2fa8-bfeb-4a9d-97b7-83a660535fe3_Screenshot from 2024-12-03 22-24-49.png','uploads/445b2fa8-bfeb-4a9d-97b7-83a660535fe3_Screenshot from 2024-12-03 22-24-49.png',555020,'image/png'),(7,'2025-12-29 00:43:28.489345','c74af89e-e493-4029-b04f-4fb999158909_movie_1.jpg','uploads/c74af89e-e493-4029-b04f-4fb999158909_movie_1.jpg',55019,'image/jpeg'),(8,'2025-12-29 00:44:11.472230','434b215f-198a-4de2-84e3-7c7ecf3610e8_movie_2.jpg','uploads/434b215f-198a-4de2-84e3-7c7ecf3610e8_movie_2.jpg',112397,'image/jpeg'),(9,'2025-12-29 01:31:03.856181','c7a24db4-052d-4a79-944a-6de9fb7379a3_Screenshot from 2024-12-04 01-45-44.png','uploads/c7a24db4-052d-4a79-944a-6de9fb7379a3_Screenshot from 2024-12-04 01-45-44.png',1041546,'image/png');
/*!40000 ALTER TABLE `media` ENABLE KEYS */;
UNLOCK TABLES;

--
-- Table structure for table `movie_actors`
--

DROP TABLE IF EXISTS `movie_actors`;
/*!40101 SET @saved_cs_client     = @@character_set_client */;
/*!50503 SET character_set_client = utf8mb4 */;
CREATE TABLE `movie_actors` (
  `movie_id` bigint NOT NULL,
  `actor_id` bigint NOT NULL,
  PRIMARY KEY (`movie_id`,`actor_id`),
  KEY `FK7svt4y6p0f9gpjy10awtubp02` (`actor_id`),
  CONSTRAINT `FK7svt4y6p0f9gpjy10awtubp02` FOREIGN KEY (`actor_id`) REFERENCES `actors` (`id`),
  CONSTRAINT `FKs4rlt03tdf55rwso4uyrwm0oq` FOREIGN KEY (`movie_id`) REFERENCES `movies` (`id`)
) ENGINE=InnoDB DEFAULT CHARSET=utf8mb4 COLLATE=utf8mb4_0900_ai_ci;
/*!40101 SET character_set_client = @saved_cs_client */;

--
-- Dumping data for table `movie_actors`
--

LOCK TABLES `movie_actors` WRITE;
/*!40000 ALTER TABLE `movie_actors` DISABLE KEYS */;
INSERT INTO `movie_actors` VALUES (1,1),(1,2),(1,3),(2,4),(3,4),(20,4),(21,4),(22,4),(23,4),(28,4),(52,4),(53,4),(2,5),(3,5),(20,5),(21,5),(2,6),(3,6),(20,6),(21,6),(4,7),(99,7),(100,7),(4,8),(19,8),(48,8),(4,9),(5,10),(6,10),(170,10),(5,11),(6,11),(70,11),(5,12),(6,12),(134,12),(135,12),(170,12),(7,13),(7,14),(7,15),(8,16),(9,16),(10,16),(49,16),(8,17),(9,17),(10,17),(49,17),(63,17),(8,18),(9,18),(10,18),(49,18),(11,19),(11,20),(11,21),(166,21),(167,21),(12,22),(27,22),(142,22),(12,23),(27,23),(42,23),(43,23),(50,23),(51,23),(139,23),(140,23),(141,23),(12,24),(27,24),(42,24),(43,24),(137,24),(138,24),(149,24),(150,24),(13,25),(14,25),(52,25),(53,25),(13,26),(14,26),(13,27),(14,27),(15,28),(16,28),(17,28),(24,28),(25,28),(15,29),(16,29),(17,29),(15,30),(16,30),(17,30),(18,31),(18,32),(18,33),(19,34),(19,35),(22,36),(23,36),(22,37),(23,37),(24,38),(25,38),(24,39),(25,39),(26,40),(74,40),(26,41),(26,42),(28,43),(142,43),(28,44),(29,45),(30,45),(127,45),(128,45),(130,45),(29,46),(30,46),(29,47),(30,47),(31,48),(36,48),(172,48),(31,49),(36,49),(172,49),(31,50),(36,50),(172,50),(32,51),(33,51),(32,52),(33,52),(32,53),(33,53),(34,54),(35,54),(34,55),(35,55),(34,56),(35,56),(37,57),(126,57),(37,58),(37,59),(38,60),(38,61),(65,61),(66,61),(38,62),(39,63),(40,63),(41,63),(79,63),(170,63),(39,64),(40,64),(41,64),(39,65),(40,65),(41,65),(42,66),(43,66),(149,66),(150,66),(44,67),(45,67),(44,68),(45,68),(99,68),(100,68),(44,69),(45,69),(46,70),(47,70),(70,70),(46,71),(47,71),(144,71),(145,71),(154,71),(46,72),(47,72),(48,73),(48,74),(50,75),(51,75),(139,75),(140,75),(141,75),(50,76),(51,76),(52,77),(53,77),(169,77),(54,78),(55,78),(56,78),(74,78),(54,79),(55,79),(56,79),(62,79),(54,80),(55,80),(56,80),(57,81),(58,81),(57,82),(58,82),(57,83),(58,83),(59,84),(60,84),(61,84),(82,84),(83,84),(59,85),(60,85),(61,85),(82,85),(83,85),(59,86),(60,86),(61,86),(62,87),(62,88),(63,89),(63,90),(98,90),(64,91),(139,91),(140,91),(141,91),(64,92),(64,93),(65,94),(66,94),(65,95),(66,95),(67,96),(67,97),(67,98),(68,99),(69,99),(159,99),(160,99),(68,100),(69,100),(89,100),(90,100),(91,100),(93,100),(104,100),(105,100),(106,100),(107,100),(108,100),(109,100),(110,100),(111,100),(112,100),(113,100),(114,100),(115,100),(116,100),(117,100),(118,100),(119,100),(120,100),(121,100),(122,100),(123,100),(68,101),(69,101),(70,102),(71,103),(71,104),(173,104),(174,104),(71,105),(168,105),(173,105),(174,105),(72,106),(72,107),(72,108),(73,109),(73,110),(73,111),(74,112),(103,112),(75,113),(76,113),(77,113),(75,114),(76,114),(77,114),(75,115),(76,115),(77,115),(78,116),(78,117),(78,118),(79,119),(79,120),(80,121),(80,122),(80,123),(81,124),(81,125),(81,126),(82,127),(83,127),(84,128),(85,128),(84,129),(85,129),(126,129),(84,130),(85,130),(101,130),(102,130),(86,131),(87,131),(88,131),(86,132),(87,132),(88,132),(86,133),(87,133),(88,133),(89,134),(90,134),(91,134),(89,135),(90,135),(91,135),(92,136),(92,137),(92,138),(93,139),(93,140),(94,141),(95,141),(94,142),(95,142),(94,143),(95,143),(96,144),(96,145),(96,146),(97,147),(97,148),(97,149),(144,149),(145,149),(98,150),(98,151),(99,152),(100,152),(101,153),(102,153),(101,154),(102,154),(103,155),(103,156),(104,157),(105,157),(106,157),(107,157),(108,157),(109,157),(110,157),(111,157),(112,157),(113,157),(114,157),(115,157),(116,157),(117,157),(118,157),(119,157),(120,157),(121,157),(122,157),(123,157),(104,158),(105,158),(106,158),(107,158),(108,158),(109,158),(110,158),(111,158),(112,158),(113,158),(114,158),(115,158),(116,158),(117,158),(118,158),(119,158),(120,158),(121,158),(122,158),(123,158),(124,159),(125,159),(136,159),(124,160),(125,160),(124,161),(125,161),(126,162),(127,163),(128,163),(127,164),(128,164),(129,165),(129,166),(129,167),(130,168),(130,169),(131,170),(131,171),(131,172),(132,173),(132,174),(132,175),(133,176),(133,177),(133,178),(134,179),(135,179),(134,180),(135,180),(136,181),(136,182),(137,183),(138,183),(137,184),(138,184),(142,185),(143,186),(176,186),(143,187),(143,188),(144,189),(145,189),(146,190),(146,191),(146,192),(147,193),(148,193),(147,194),(148,194),(147,195),(148,195),(149,196),(150,196),(151,197),(152,197),(153,197),(151,198),(152,198),(153,198),(151,199),(152,199),(153,199),(154,200),(154,201),(155,202),(156,202),(157,202),(155,203),(156,203),(157,203),(155,204),(156,204),(157,204),(158,205),(158,206),(158,207),(159,208),(160,208),(159,209),(160,209),(161,210),(162,210),(161,211),(162,211),(161,212),(162,212),(163,213),(164,213),(165,213),(163,214),(164,214),(165,214),(163,215),(164,215),(165,215),(166,216),(167,216),(166,217),(167,217),(168,218),(168,219),(169,220),(169,221),(171,222),(171,223),(171,224),(173,225),(174,225),(175,226),(175,227),(175,228),(176,229),(176,230),(177,231),(177,232),(177,233),(178,234),(178,235),(179,236),(179,237),(179,238);
/*!40000 ALTER TABLE `movie_actors` ENABLE KEYS */;
UNLOCK TABLES;

--
-- Table structure for table `movie_genres`
--

DROP TABLE IF EXISTS `movie_genres`;
/*!40101 SET @saved_cs_client     = @@character_set_client */;
/*!50503 SET character_set_client = utf8mb4 */;
CREATE TABLE `movie_genres` (
  `movie_id` bigint NOT NULL,
  `genre_id` bigint NOT NULL,
  PRIMARY KEY (`movie_id`,`genre_id`),
  KEY `FKnfpjuak0xiqpca3gjkwrixiig` (`genre_id`),
  CONSTRAINT `FK4ak9svw913jblkfgru84h2phd` FOREIGN KEY (`movie_id`) REFERENCES `movies` (`id`),
  CONSTRAINT `FKnfpjuak0xiqpca3gjkwrixiig` FOREIGN KEY (`genre_id`) REFERENCES `genres` (`id`)
) ENGINE=InnoDB DEFAULT CHARSET=utf8mb4 COLLATE=utf8mb4_0900_ai_ci;
/*!40101 SET character_set_client = @saved_cs_client */;

--
-- Dumping data for table `movie_genres`
--

LOCK TABLES `movie_genres` WRITE;
/*!40000 ALTER TABLE `movie_genres` DISABLE KEYS */;
INSERT INTO `movie_genres` VALUES (1,1),(2,1),(3,1),(4,1),(5,1),(6,1),(7,1),(8,1),(9,1),(10,1),(12,1),(15,1),(16,1),(17,1),(18,1),(19,1),(20,1),(21,1),(22,1),(23,1),(24,1),(25,1),(26,1),(27,1),(28,1),(29,1),(30,1),(32,1),(33,1),(34,1),(35,1),(38,1),(42,1),(43,1),(44,1),(45,1),(46,1),(47,1),(48,1),(49,1),(50,1),(51,1),(54,1),(55,1),(56,1),(59,1),(60,1),(61,1),(62,1),(64,1),(67,1),(70,1),(71,1),(72,1),(74,1),(75,1),(76,1),(77,1),(80,1),(81,1),(82,1),(83,1),(84,1),(85,1),(92,1),(94,1),(95,1),(96,1),(98,1),(99,1),(100,1),(103,1),(124,1),(125,1),(127,1),(128,1),(129,1),(130,1),(132,1),(133,1),(134,1),(135,1),(139,1),(140,1),(141,1),(142,1),(143,1),(144,1),(145,1),(146,1),(147,1),(148,1),(149,1),(150,1),(154,1),(155,1),(156,1),(157,1),(161,1),(162,1),(166,1),(167,1),(168,1),(170,1),(171,1),(173,1),(174,1),(175,1),(176,1),(1,2),(2,2),(3,2),(4,2),(7,2),(8,2),(9,2),(10,2),(11,2),(12,2),(13,2),(14,2),(15,2),(16,2),(17,2),(18,2),(19,2),(20,2),(21,2),(22,2),(23,2),(24,2),(25,2),(26,2),(27,2),(28,2),(29,2),(30,2),(31,2),(32,2),(33,2),(34,2),(35,2),(36,2),(37,2),(38,2),(42,2),(43,2),(44,2),(45,2),(46,2),(47,2),(48,2),(49,2),(50,2),(51,2),(52,2),(53,2),(54,2),(55,2),(56,2),(57,2),(58,2),(59,2),(60,2),(61,2),(62,2),(63,2),(64,2),(65,2),(66,2),(67,2),(68,2),(69,2),(70,2),(72,2),(74,2),(75,2),(76,2),(77,2),(78,2),(80,2),(81,2),(82,2),(83,2),(84,2),(85,2),(86,2),(87,2),(88,2),(89,2),(90,2),(91,2),(92,2),(93,2),(96,2),(98,2),(99,2),(100,2),(101,2),(102,2),(103,2),(104,2),(105,2),(106,2),(107,2),(108,2),(109,2),(110,2),(111,2),(112,2),(113,2),(114,2),(115,2),(116,2),(117,2),(118,2),(119,2),(120,2),(121,2),(122,2),(123,2),(124,2),(125,2),(126,2),(129,2),(130,2),(132,2),(133,2),(134,2),(135,2),(136,2),(137,2),(138,2),(139,2),(140,2),(141,2),(142,2),(143,2),(144,2),(145,2),(146,2),(147,2),(148,2),(149,2),(150,2),(151,2),(152,2),(153,2),(154,2),(155,2),(156,2),(157,2),(158,2),(159,2),(160,2),(161,2),(162,2),(163,2),(164,2),(165,2),(168,2),(169,2),(170,2),(171,2),(172,2),(176,2),(178,2),(1,3),(2,3),(3,3),(11,3),(13,3),(14,3),(20,3),(21,3),(24,3),(25,3),(26,3),(28,3),(29,3),(30,3),(31,3),(32,3),(33,3),(36,3),(37,3),(49,3),(52,3),(53,3),(54,3),(55,3),(56,3),(57,3),(58,3),(63,3),(68,3),(69,3),(74,3),(78,3),(80,3),(84,3),(85,3),(86,3),(87,3),(88,3),(89,3),(90,3),(91,3),(97,3),(101,3),(102,3),(129,3),(131,3),(136,3),(137,3),(138,3),(142,3),(143,3),(147,3),(148,3),(151,3),(152,3),(153,3),(159,3),(160,3),(163,3),(164,3),(165,3),(172,3),(1,4),(7,4),(12,4),(15,4),(16,4),(17,4),(18,4),(24,4),(25,4),(27,4),(29,4),(30,4),(42,4),(43,4),(44,4),(45,4),(46,4),(47,4),(50,4),(51,4),(54,4),(55,4),(56,4),(59,4),(60,4),(61,4),(62,4),(64,4),(67,4),(70,4),(72,4),(74,4),(75,4),(76,4),(77,4),(81,4),(82,4),(83,4),(92,4),(93,4),(96,4),(98,4),(103,4),(124,4),(125,4),(127,4),(128,4),(130,4),(132,4),(133,4),(134,4),(135,4),(139,4),(140,4),(141,4),(144,4),(145,4),(146,4),(149,4),(150,4),(154,4),(155,4),(156,4),(157,4),(158,4),(161,4),(162,4),(166,4),(167,4),(168,4),(169,4),(170,4),(171,4),(4,5),(5,5),(6,5),(44,5),(45,5),(46,5),(47,5),(48,5),(54,5),(55,5),(56,5),(71,5),(72,5),(74,5),(92,5),(94,5),(95,5),(129,5),(133,5),(134,5),(135,5),(170,5),(173,5),(174,5),(179,5),(8,6),(9,6),(10,6),(11,6),(38,6),(39,6),(40,6),(41,6),(49,6),(79,6),(80,6),(99,6),(100,6),(143,6),(146,6),(175,6),(176,6),(11,7),(57,7),(58,7),(65,7),(66,7),(68,7),(69,7),(86,7),(87,7),(88,7),(89,7),(90,7),(91,7),(93,7),(97,7),(104,7),(105,7),(106,7),(107,7),(108,7),(109,7),(110,7),(111,7),(112,7),(113,7),(114,7),(115,7),(116,7),(117,7),(118,7),(119,7),(120,7),(121,7),(122,7),(123,7),(124,7),(125,7),(136,7),(151,7),(152,7),(153,7),(155,7),(156,7),(157,7),(158,7),(159,7),(160,7),(163,7),(164,7),(165,7),(11,8),(29,8),(30,8),(57,8),(58,8),(65,8),(66,8),(68,8),(69,8),(86,8),(87,8),(88,8),(89,8),(90,8),(91,8),(94,8),(95,8),(104,8),(105,8),(106,8),(107,8),(108,8),(109,8),(110,8),(111,8),(112,8),(113,8),(114,8),(115,8),(116,8),(117,8),(118,8),(119,8),(120,8),(121,8),(122,8),(123,8),(124,8),(125,8),(127,8),(128,8),(130,8),(131,8),(136,8),(151,8),(152,8),(153,8),(155,8),(156,8),(157,8),(158,8),(11,9),(13,9),(14,9),(26,9),(29,9),(30,9),(37,9),(52,9),(53,9),(57,9),(58,9),(63,9),(65,9),(66,9),(68,9),(69,9),(86,9),(87,9),(88,9),(89,9),(90,9),(91,9),(93,9),(97,9),(101,9),(102,9),(104,9),(105,9),(106,9),(107,9),(108,9),(109,9),(110,9),(111,9),(112,9),(113,9),(114,9),(115,9),(116,9),(117,9),(118,9),(119,9),(120,9),(121,9),(122,9),(123,9),(124,9),(125,9),(126,9),(131,9),(136,9),(137,9),(138,9),(143,9),(151,9),(152,9),(153,9),(154,9),(155,9),(156,9),(157,9),(158,9),(159,9),(160,9),(163,9),(164,9),(165,9),(11,10),(13,11),(14,11),(126,11),(154,11),(179,11),(22,12),(23,12),(127,12),(128,12),(34,13),(35,13),(38,13),(39,13),(40,13),(41,13),(79,13),(97,13),(99,13),(100,13),(126,13),(136,13),(137,13),(138,13),(142,13),(144,13),(145,13),(147,13),(148,13),(155,13),(156,13),(157,13),(169,13),(171,13),(175,13),(176,13),(177,13),(179,13),(34,14),(35,14),(175,14),(176,14),(65,15),(66,15),(71,16),(73,16),(94,16),(95,16),(173,16),(174,16),(179,16),(72,17),(129,17),(171,17),(73,18),(177,18),(178,18),(73,19),(175,20),(176,20),(176,21),(178,22),(179,23),(180,24);
/*!40000 ALTER TABLE `movie_genres` ENABLE KEYS */;
UNLOCK TABLES;

--
-- Table structure for table `movies`
--

DROP TABLE IF EXISTS `movies`;
/*!40101 SET @saved_cs_client     = @@character_set_client */;
/*!50503 SET character_set_client = utf8mb4 */;
CREATE TABLE `movies` (
  `id` bigint NOT NULL AUTO_INCREMENT,
  `created_at` datetime(6) NOT NULL,
  `description` text,
  `director` varchar(100) DEFAULT NULL,
  `duration` int NOT NULL,
  `genre` varchar(100) DEFAULT NULL,
  `release_year` int NOT NULL,
  `title` varchar(255) NOT NULL,
  `image_url` varchar(500) DEFAULT NULL,
  `image_filename` varchar(255) DEFAULT NULL,
  `budget` bigint DEFAULT NULL,
  `popularity` double DEFAULT NULL,
  `revenue` bigint DEFAULT NULL,
  `vote_average` double DEFAULT NULL,
  `vote_count` int DEFAULT NULL,
  `director_id` bigint DEFAULT NULL,
  PRIMARY KEY (`id`),
  KEY `FK5ft3u8k962bmjd8rn2mr77j8d` (`director_id`),
  CONSTRAINT `FK5ft3u8k962bmjd8rn2mr77j8d` FOREIGN KEY (`director_id`) REFERENCES `directors` (`id`)
) ENGINE=InnoDB AUTO_INCREMENT=181 DEFAULT CHARSET=utf8mb4 COLLATE=utf8mb4_0900_ai_ci;
/*!40101 SET character_set_client = @saved_cs_client */;

--
-- Dumping data for table `movies`
--

LOCK TABLES `movies` WRITE;
/*!40000 ALTER TABLE `movies` DISABLE KEYS */;
INSERT INTO `movies` VALUES (1,'2025-12-28 23:48:11.391604','In the 22nd century, a paraplegic Marine is dispatched to the moon Pandora on a unique mission, but becomes torn between following orders and protecting an alien civilization.','James Cameron',178,'Fantasy',2009,'Avatar','Avatar.jpg','Avatar.jpg',237000000,150.437577,2787965087,7.2,11800,1),(2,'2025-12-28 23:48:11.910276','Captain Barbossa, long believed to be dead, has come back to life and is headed to the edge of the Earth with Will Turner and Elizabeth Swann. But nothing is quite as it seems.','Gore Verbinski',169,'Adventure',2007,'Pirates of the Caribbean: At World\'s End','Pirates_of_the_Caribbean_At_Worlds_End.jpg','Pirates_of_the_Caribbean_At_Worlds_End.jpg',300000000,139.082615,961000000,6.9,4500,2),(3,'2025-12-28 23:48:12.744685','Five friends who reunite in an attempt to top their epic pub crawl from 20 years earlier unwittingly become humankind\'s only hope for survival.','Gore Verbinski',169,'War',2007,'The World\'s End','The_Worlds_End.jpg','The_Worlds_End.jpg',20000000,55.964605,46089287,6.7,1778,2),(4,'2025-12-28 23:48:13.209863','A cryptic message from Bond’s past sends him on a trail to uncover a sinister organization. While M battles political forces to keep the secret service alive, Bond peels back the layers of deceit to reveal the terrible truth behind SPECTRE.','Sam Mendes',148,'Action',2015,'Spectre','Spectre.jpg','Spectre.jpg',245000000,107.376788,880674609,6.3,4466,3),(5,'2025-12-28 23:48:14.246201','Following the death of District Attorney Harvey Dent, Batman assumes responsibility for Dent\'s crimes to protect the late attorney\'s reputation and is subsequently hunted by the Gotham City Police Department. Eight years later, Batman encounters the mysterious Selina Kyle and the villainous Bane, a new terrorist leader who overwhelms Gotham\'s finest. The Dark Knight resurfaces to protect a city that has branded him an enemy.','Christopher Nolan',164,'Action',2012,'The Dark Knight Rises','The_Dark_Knight_Rises.jpg','The_Dark_Knight_Rises.jpg',250000000,112.31295,1084939099,7.6,9106,4),(6,'2025-12-28 23:48:14.607369','Batman raises the stakes in his war on crime. With the help of Lt. Jim Gordon and District Attorney Harvey Dent, Batman sets out to dismantle the remaining criminal organizations that plague the streets. The partnership proves to be effective, but they soon find themselves prey to a reign of chaos unleashed by a rising criminal mastermind known to the terrified citizens of Gotham as the Joker.','Christopher Nolan',164,'Horror',2012,'The Dark Knight','The_Dark_Knight.jpg','The_Dark_Knight.jpg',185000000,187.322927,1004558444,8.2,12002,4),(7,'2025-12-28 23:48:15.396453','John Carter is a war-weary, former military captain who\'s inexplicably transported to the mysterious and exotic planet of Barsoom (Mars) and reluctantly becomes embroiled in an epic conflict. It\'s a world on the brink of collapse, and Carter rediscovers his humanity when he realizes the survival of Barsoom and its people rests in his hands.','Andrew Stanton',132,'Action',2012,'John Carter','John_Carter.jpg','John_Carter.jpg',260000000,43.926995,284139100,6.1,2124,5),(8,'2025-12-28 23:48:15.808717','The seemingly invincible Spider-Man goes up against an all-new crop of villain – including the shape-shifting Sandman. While Spider-Man’s superpowers are altered by an alien organism, his alter ego, Peter Parker, deals with nemesis Eddie Brock and also gets caught up in a love triangle.','Sam Raimi',156,'Horror',2007,'Spider-Man 3','Spider_Man_3.jpg','Spider_Man_3.jpg',258000000,115.699814,890871626,5.9,3576,6),(9,'2025-12-28 23:48:16.334816','After being bitten by a genetically altered spider, nerdy high school student Peter Parker is endowed with amazing powers.','Sam Raimi',156,'Action',2007,'Spider-Man','Spider_Man.jpg','Spider_Man.jpg',139000000,82.502566,821708551,6.8,5265,6),(10,'2025-12-28 23:48:17.035850','A mentally disturbed man takes residence in a halfway house. His mind gradually slips back into the realm created by his illness, where he replays a key part of his childhood.','Sam Raimi',156,'Action',2007,'Spider','Spider.jpg','Spider.jpg',0,6.948401,0,6.4,168,6),(11,'2025-12-28 23:48:17.400115','When the kingdom\'s most wanted-and most charming-bandit Flynn Rider hides out in a mysterious tower, he\'s taken hostage by Rapunzel, a beautiful and feisty tower-bound teen with 70 feet of magical, golden hair. Flynn\'s curious captor, who\'s looking for her ticket out of the tower where she\'s been locked away for years, strikes a deal with the handsome thief and the unlikely duo sets off on an action-packed escapade, complete with a super-cop horse, an over-protective chameleon and a gruff gang of pub thugs.','Nathan Greno',100,'Animation',2010,'Tangled','Tangled.jpg','Tangled.jpg',260000000,48.681969,591794936,7.4,3330,7),(12,'2025-12-28 23:48:17.919603','When Tony Stark tries to jumpstart a dormant peacekeeping program, things go awry and Earth’s Mightiest Heroes are put to the ultimate test as the fate of the planet hangs in the balance. As the villainous Ultron emerges, it is up to The Avengers to stop him from enacting his terrible plans, and soon uneasy alliances and unexpected action pave the way for an epic and unique global adventure.','Joss Whedon',141,'Action',2015,'Avengers: Age of Ultron','Avengers_Age_of_Ultron.jpg','Avengers_Age_of_Ultron.jpg',280000000,134.279229,1405403694,7.3,6767,8),(13,'2025-12-28 23:48:18.317198','As Harry begins his sixth year at Hogwarts, he discovers an old book marked as \'Property of the Half-Blood Prince\', and begins to learn more about Lord Voldemort\'s dark past.','David Yates',153,'Adventure',2009,'Harry Potter and the Half-Blood Prince','Harry_Potter_and_the_Half_Blood_Prince.jpg','Harry_Potter_and_the_Half_Blood_Prince.jpg',250000000,98.885637,933959197,7.4,5293,9),(14,'2025-12-28 23:48:18.688762','A family man who turns out to be a retired mob enforcer must travel across the country to find his daughter who has gone missing.','David Yates',153,'Sci-Fi',2009,'The Prince','The_Prince.jpg','The_Prince.jpg',18000000,21.638673,266586800,4.6,218,9),(15,'2025-12-28 23:48:19.189095','Fearing the actions of a god-like Super Hero left unchecked, Gotham City’s own formidable, forceful vigilante takes on Metropolis’s most revered, modern-day savior, while the world wrestles with what sort of hero it really needs. And with Batman and Superman at war with one another, a new threat quickly arises, putting mankind in greater danger than it’s ever known before.','Zack Snyder',183,'Action',2016,'Batman v Superman: Dawn of Justice','Batman_v_Superman_Dawn_of_Justice.jpg','Batman_v_Superman_Dawn_of_Justice.jpg',250000000,155.790452,873260194,5.7,7004,10),(16,'2025-12-28 23:48:19.697440','Mild-mannered Clark Kent works as a reporter at the Daily Planet alongside his crush, Lois Lane − who\'s in love with Superman. Clark must summon his superhero alter ego when the nefarious Lex Luthor launches a plan to take over the world.','Zack Snyder',183,'Action',2016,'Superman','Superman.jpg','Superman.jpg',55000000,48.507081,300218018,6.9,1022,10),(17,'2025-12-28 23:48:20.315256','The Dark Knight of Gotham City begins his war on crime with his first major enemy being the clownishly homicidal Joker, who has seized control of Gotham\'s underworld.','Zack Snyder',183,'Crime',2016,'Batman','Batman.jpg','Batman.jpg',35000000,44.104469,411348924,7,2096,10),(18,'2025-12-28 23:48:20.807059','Superman returns to discover his 5-year absence has allowed Lex Luthor to walk free, and that those he was closest too felt abandoned and have moved on. Luthor plots his ultimate revenge that could see millions killed and change the face of the planet forever, as well as ridding himself of the Man of Steel.','Bryan Singer',169,'Musical',2006,'Superman Returns','Superman_Returns.jpg','Superman_Returns.jpg',270000000,57.925623,391081192,5.4,1400,11),(19,'2025-12-28 23:48:21.910474','Quantum of Solace continues the adventures of James Bond after Casino Royale. Betrayed by Vesper, the woman he loved, 007 fights the urge to make his latest mission personal. Pursuing his determination to uncover the truth, Bond and M interrogate Mr. White, who reveals that the organization that blackmailed Vesper is far more complex and dangerous than anyone had imagined.','Marc Forster',106,'Action',2008,'Quantum of Solace','Quantum_of_Solace.jpg','Quantum_of_Solace.jpg',200000000,107.928811,586090727,6.1,2965,12),(20,'2025-12-28 23:48:22.488660','Captain Jack Sparrow works his way out of a blood debt with the ghostly Davey Jones, he also attempts to avoid eternal damnation.','Gore Verbinski',151,'Biography',2006,'Pirates of the Caribbean: Dead Man\'s Chest','Pirates_of_the_Caribbean_Dead_Mans_Chest.jpg','Pirates_of_the_Caribbean_Dead_Mans_Chest.jpg',200000000,145.847379,1065659812,7,5246,2),(21,'2025-12-28 23:48:22.863615','Special Agent Derrick Vann is a man out to get the man who killed his partner but a case of mistaken identity leads him to Andy Fidler, a salesman with too many questions and a knack of getting in Vanns way','Gore Verbinski',151,'Horror',2006,'The Man','The_Man.jpg','The_Man.jpg',0,6.925645,12382362,5.4,133,2),(22,'2025-12-28 23:48:23.341856','The Texas Rangers chase down a gang of outlaws led by Butch Cavendish, but the gang ambushes the Rangers, seemingly killing them all. One survivor is found, however, by an American Indian named Tonto, who nurses him back to health. The Ranger, donning a mask and riding a white stallion named Silver, teams up with Tonto to bring the unscrupulous gang and others of that ilk to justice.','Gore Verbinski',150,'Mystery',2013,'The Lone Ranger','The_Lone_Ranger.jpg','The_Lone_Ranger.jpg',255000000,49.046956,89289910,5.9,2311,2),(23,'2025-12-28 23:48:23.963464','When the young Texas Ranger, John Reid, is the sole survivor of an ambush arranged by the militaristic outlaw leader, Butch Cavendich, he is rescued by an old childhood Comanche friend, Tonto. When he recovers from his wounds, he dedicates his life to fighting the evil that Cavendich represents. To this end, John Reid becomes the great masked western hero, The Lone Ranger. With the help of Tonto, the pair go to rescue President Grant when Cavendich takes him hostage.','Gore Verbinski',150,'War',2013,'The Legend of the Lone Ranger','The_Legend_of_the_Lone_Ranger.jpg','The_Legend_of_the_Lone_Ranger.jpg',18000000,11.725805,2945600,3.7,14,2),(24,'2025-12-28 23:48:24.499976','A young boy learns that he has extraordinary powers and is not of this earth. As a young man, he journeys to discover where he came from and what he was sent here to do. But the hero in him must emerge if he is to save the world from annihilation and become the symbol of hope for all mankind.','Zack Snyder',143,'Comedy',2013,'Man of Steel','Man_of_Steel.jpg','Man_of_Steel.jpg',225000000,99.398009,662845518,6.5,6359,10),(25,'2025-12-28 23:48:25.120070','Justice. Safe streets. Payback. Metallurgist John Henry Irons (O\'Neal) vows to claim them all when a renegade military reject (Judd Nelson) puts new superweapons in dangerous hands. Helped by an electronics wiz (Annabeth Gish) and an imaginative scrap metal worker (Richard Roundtree), Irons becomes Steel. Wearing body armor, wielding a fearsome electrohammer and riding a gadget-packed motorcycle, he\'s ready to wage war...if he can fix the untimely glitches in his untested gear. \"You all be cool now,\" the good-guy hero tells two crime victims he rescues. There\'ll be a lot of thrillin\' before Steel himself can start chillin.\'','Zack Snyder',143,'Mystery',2013,'Steel','Steel.jpg','Steel.jpg',16000000,2.848727,1686429,4.3,48,10),(26,'2025-12-28 23:48:25.733959','One year after their incredible adventures in the Lion, the Witch and the Wardrobe, Peter, Edmund, Lucy and Susan Pevensie return to Narnia to aid a young prince whose life has been threatened by the evil King Miraz. Now, with the help of a colorful cast of new characters, including Trufflehunter the badger and Nikabrik the dwarf, the Pevensie clan embarks on an incredible quest to ensure that Narnia is returned to its rightful heir.','Andrew Adamson',150,'Comedy',2008,'The Chronicles of Narnia: Prince Caspian','The_Chronicles_of_Narnia_Prince_Caspian.jpg','The_Chronicles_of_Narnia_Prince_Caspian.jpg',225000000,53.978602,419651413,6.3,1630,13),(27,'2025-12-28 23:48:26.264370','When an unexpected enemy emerges and threatens global safety and security, Nick Fury, director of the international peacekeeping agency known as S.H.I.E.L.D., finds himself in need of a team to pull the world back from the brink of disaster. Spanning the globe, a daring recruitment effort begins!','Joss Whedon',173,'Drama',2012,'The Avengers','The_Avengers.jpg','The_Avengers.jpg',220000000,144.448633,1519557910,7.4,11776,8),(28,'2025-12-28 23:48:26.686692','Captain Jack Sparrow crosses paths with a woman from his past, and he\'s not sure if it\'s love -- or if she\'s a ruthless con artist who\'s using him to find the fabled Fountain of Youth. When she forces him aboard the Queen Anne\'s Revenge, the ship of the formidable pirate Blackbeard, Jack finds himself on an unexpected adventure in which he doesn\'t know who to fear more: Blackbeard or the woman from his past.','Rob Marshall',136,'Mystery',2011,'Pirates of the Caribbean: On Stranger Tides','Pirates_of_the_Caribbean_On_Stranger_Tides.jpg','Pirates_of_the_Caribbean_On_Stranger_Tides.jpg',380000000,135.413856,1045713802,6.4,4948,14),(29,'2025-12-28 23:48:27.203013','Agents J (Will Smith) and K (Tommy Lee Jones) are back...in time. J has seen some inexplicable things in his 15 years with the Men in Black, but nothing, not even aliens, perplexes him as much as his wry, reticent partner. But when K\'s life and the fate of the planet are put at stake, Agent J will have to travel back in time to put things right. J discovers that there are secrets to the universe that K never told him - secrets that will reveal themselves as he teams up with the young Agent K (Josh Brolin) to save his partner, the agency, and the future of humankind.','Barry Sonnenfeld',106,'Action',2012,'Men in Black 3','Men_in_Black_3.jpg','Men_in_Black_3.jpg',225000000,52.035179,624026776,6.2,4160,15),(30,'2025-12-28 23:48:28.063229','Men in Black follows the exploits of agents Kay and Jay, members of a top-secret organization established to monitor and police alien activity on Earth. The two Men in Black find themselves in the middle of the deadly plot by an intergalactic terrorist who has arrived on Earth to assassinate two ambassadors from opposing galaxies. In order to prevent worlds from colliding, the MiB must track down the terrorist and prevent the destruction of Earth. It\'s just another typical day for the Men in Black.','Barry Sonnenfeld',106,'Action',2012,'Men in Black','Men_in_Black.jpg','Men_in_Black.jpg',90000000,104.121555,589390539,6.9,4412,15),(31,'2025-12-28 23:48:28.476646','Immediately after the events of The Desolation of Smaug, Bilbo and the dwarves try to defend Erebor\'s mountain of treasure from others who claim it: the men of the ruined Laketown and the elves of Mirkwood. Meanwhile an army of Orcs led by Azog the Defiler is marching on Erebor, fueled by the rise of the dark lord Sauron. Dwarves, elves and men must unite, and the hope for Middle-Earth falls into Bilbo\'s hands.','Peter Jackson',164,'Adventure',2014,'The Hobbit: The Battle of the Five Armies','The_Hobbit_The_Battle_of_the_Five_Armies.jpg','The_Hobbit_The_Battle_of_the_Five_Armies.jpg',250000000,120.965743,956019788,7.1,4760,16),(32,'2025-12-28 23:48:29.053288','Peter Parker is an outcast high schooler abandoned by his parents as a boy, leaving him to be raised by his Uncle Ben and Aunt May. Like most teenagers, Peter is trying to figure out who he is and how he got to be the person he is today. As Peter discovers a mysterious briefcase that belonged to his father, he begins a quest to understand his parents\' disappearance – leading him directly to Oscorp and the lab of Dr. Curt Connors, his father\'s former partner. As Spider-Man is set on a collision course with Connors\' alter ego, The Lizard, Peter will make life-altering choices to use his powers and shape his destiny to become a hero.','Marc Webb',153,'Action',2012,'The Amazing Spider-Man','The_Amazing_Spider_Man.jpg','The_Amazing_Spider_Man.jpg',215000000,89.866276,752215857,6.5,6586,17),(33,'2025-12-28 23:48:29.508429','For Peter Parker, life is busy. Between taking out the bad guys as Spider-Man and spending time with the person he loves, Gwen Stacy, high school graduation cannot come quickly enough. Peter has not forgotten about the promise he made to Gwen’s father to protect her by staying away, but that is a promise he cannot keep. Things will change for Peter when a new villain, Electro, emerges, an old friend, Harry Osborn, returns, and Peter uncovers new clues about his past.','Marc Webb',153,'Action',2012,'The Amazing Spider-Man 2','The_Amazing_Spider_Man_2.jpg','The_Amazing_Spider_Man_2.jpg',200000000,89.270217,705717432,6.5,4179,17),(34,'2025-12-28 23:48:29.978231','When soldier Robin happens upon the dying Robert of Loxley, he promises to return the man\'s sword to his family in Nottingham. There, he assumes Robert\'s identity; romances his widow, Marion; and draws the ire of the town\'s sheriff and King John\'s henchman, Godfrey.','Ridley Scott',156,'Action',2010,'Robin Hood','Robin_Hood.jpg','Robin_Hood.jpg',200000000,37.668301,310669540,6.2,1398,18),(35,'2025-12-28 23:48:30.479973','When the dastardly Sheriff of Nottingham murders Robin\'s father, the legendary archer vows vengeance. To accomplish his mission, Robin joins forces with a band of exiled villagers (and comely Maid Marian), and together they battle to end the evil sheriff\'s reign of terror.','Ridley Scott',156,'Comedy',2010,'Robin Hood: Prince of Thieves','Robin_Hood_Prince_of_Thieves.jpg','Robin_Hood_Prince_of_Thieves.jpg',48000000,28.803729,390493908,6.6,909,18),(36,'2025-12-28 23:48:30.808766','The Dwarves, Bilbo and Gandalf have successfully escaped the Misty Mountains, and Bilbo has gained the One Ring. They all continue their journey to get their gold back from the Dragon, Smaug.','Peter Jackson',186,'Adventure',2013,'The Hobbit: The Desolation of Smaug','The_Hobbit_The_Desolation_of_Smaug.jpg','The_Hobbit_The_Desolation_of_Smaug.jpg',250000000,94.370564,958400000,7.6,4524,16),(37,'2025-12-28 23:48:31.130658','After overhearing a shocking secret, precocious orphan Lyra Belacqua trades her carefree existence roaming the halls of Jordan College for an otherworldly adventure in the far North, unaware that it\'s part of her destiny.','Chris Weitz',113,'Fantasy',2007,'The Golden Compass','The_Golden_Compass.jpg','The_Golden_Compass.jpg',180000000,42.990906,372234864,5.8,1303,19),(38,'2025-12-28 23:48:31.638245','In 1933 New York, an overly ambitious movie producer coerces his cast and hired ship crew to travel to mysterious Skull Island, where they encounter Kong, a giant ape who is immediately smitten with the leading lady.','Peter Jackson',201,'Action',2005,'King Kong','King_Kong.jpg','King_Kong.jpg',207000000,61.22601,550000000,6.6,2337,16),(39,'2025-12-28 23:48:32.061000','84 years later, a 101-year-old woman named Rose DeWitt Bukater tells the story to her granddaughter Lizzy Calvert, Brock Lovett, Lewis Bodine, Bobby Buell and Anatoly Mikailavich on the Keldysh about her life set in April 10th 1912, on a ship called Titanic when young Rose boards the departing ship with the upper-class passengers and her mother, Ruth DeWitt Bukater, and her fiancé, Caledon Hockley. Meanwhile, a drifter and artist named Jack Dawson and his best friend Fabrizio De Rossi win third-class tickets to the ship in a game. And she explains the whole story from departure until the death of Titanic on its first and last voyage April 15th, 1912 at 2:20 in the morning.','James Cameron',194,'Horror',1997,'Titanic','Titanic.jpg','Titanic.jpg',200000000,100.025899,1845034188,7.5,7562,1),(40,'2025-12-28 23:48:32.859959','To obtain a supply of a rare mineral, a ship raising operation is conducted for the only known source, the Titanic.','James Cameron',194,'Horror',1997,'Raise the Titanic','Raise_the_Titanic.jpg','Raise_the_Titanic.jpg',0,1.630541,0,5.2,21,1),(41,'2025-12-28 23:48:33.381862','Horty, a French foundry worker, wins a contest and is sent to see the sailing of the Titanic. In England, Marie, saying she is a chambermaid on the Titanic and cannot get a room, asks to share his room. They do, chastely; when he awakens, she is gone, but he sees her at the sailing and gets a photo of her. When he returns home, he suspects that his wife Zoe has been sleeping with Simeon, the foundry owner. Horty goes to the bar, where his friends get him drunk and he starts telling an erotic fantasy of what happened with him and Marie, drawing a larger audience each night.','James Cameron',194,'Horror',1997,'The Chambermaid on the Titanic','The_Chambermaid_on_the_Titanic.jpg','The_Chambermaid_on_the_Titanic.jpg',0,1.031142,0,5.3,3,1),(42,'2025-12-28 23:48:34.043519','Following the events of Age of Ultron, the collective governments of the world pass an act designed to regulate all superhuman activity. This polarizes opinion amongst the Avengers, causing two factions to side with Iron Man or Captain America, which causes an epic battle between former allies.','Anthony Russo',147,'Thriller',2016,'Captain America: Civil War','Captain_America_Civil_War.jpg','Captain_America_Civil_War.jpg',250000000,198.372395,1153304495,7.1,7241,20),(43,'2025-12-28 23:48:34.550333','FBI agent Jack Crawford is out for revenge when his partner is killed and all clues point to the mysterious assassin Rogue. But when Rogue turns up years later to take care of some unfinished business, he triggers a violent clash of rival gangs. Will the truth come out before it\'s too late? And when the dust settles, who will remain standing?','Anthony Russo',147,'Action',2016,'War','War.jpg','War.jpg',25000000,18.896239,40452643,6,414,20),(44,'2025-12-28 23:48:35.077911','When mankind beams a radio signal into space, a reply comes from ‘Planet G’, in the form of several alien crafts that splash down in the waters off Hawaii. Lieutenant Alex Hopper is a weapons officer assigned to the USS John Paul Jones, part of an international naval coalition which becomes the world\'s last hope for survival as they engage the hostile alien force of unimaginable strength. While taking on the invaders, Hopper must also try to live up to the potential his brother, and his fiancée\'s father, Admiral Shane, expect of him.','Peter Berg',131,'Action',2012,'Battleship','Battleship.jpg','Battleship.jpg',209000000,64.928382,303025485,5.5,2114,21),(45,'2025-12-28 23:48:35.674171','In 2199, five years after the Gamilons began an invasion of Earth, the planet has been ravaged by the aliens\' bombs. The remnants of humanity have fled underground to escape the irradiated surface. One day, former pilot Susumu Kodai discovers a capsule sent from the planet Iscandar that tells of a device that can remove the radiation from the Earth\'s surface. The Earth Defense Force rebuilds the battleship Yamato with a new type of propulsion system to make the 148,000 light year trip to Iscandar in hopes of saving the Earth. Within one year, the radiation will drive the rest of humanity to extinction.','Peter Berg',131,'Action',2012,'Space Battleship Yamato','Space_Battleship_Yamato.jpg','Space_Battleship_Yamato.jpg',12000000,5.158067,11212294,6.3,59,21),(46,'2025-12-28 23:48:36.302933','Twenty-two years after the events of Jurassic Park, Isla Nublar now features a fully functioning dinosaur theme park, Jurassic World, as originally envisioned by John Hammond.','Colin Trevorrow',124,'Action',2015,'Jurassic World','Jurassic_World.jpg','Jurassic_World.jpg',150000000,418.708552,1513528810,6.5,8662,22),(47,'2025-12-28 23:48:36.821351','Four years after Jurassic Park\'s genetically bred dinosaurs ran amok, multimillionaire John Hammond shocks chaos theorist Ian Malcolm by revealing that Hammond has been breeding more beasties at a secret location. Malcolm, his paleontologist ladylove and a wildlife videographer join an expedition to document the lethal lizards\' natural behavior in this action-packed thriller.','Colin Trevorrow',124,'Action',2015,'The Lost World: Jurassic Park','The_Lost_World_Jurassic_Park.jpg','The_Lost_World_Jurassic_Park.jpg',73000000,2.502487,229074524,6.2,2487,22),(48,'2025-12-28 23:48:37.199720','When Bond\'s latest assignment goes gravely wrong and agents around the world are exposed, MI6 is attacked forcing M to relocate the agency. These events cause her authority and position to be challenged by Gareth Mallory, the new Chairman of the Intelligence and Security Committee. With MI6 now compromised from both inside and out, M is left with one ally she can trust: Bond. 007 takes to the shadows - aided only by field agent, Eve - following a trail to the mysterious Silva, whose lethal and hidden motives have yet to reveal themselves.','Sam Mendes',143,'Action',2012,'Skyfall','Skyfall.jpg','Skyfall.jpg',200000000,93.004993,1108561013,6.9,7604,3),(49,'2025-12-28 23:48:37.711641','Peter Parker is going through a major identity crisis. Burned out from being Spider-Man, he decides to shelve his superhero alter ego, which leaves the city suffering in the wake of carnage left by the evil Doc Ock. In the meantime, Parker still can\'t act on his feelings for Mary Jane Watson, a girl he\'s loved since childhood.','Sam Raimi',135,'Comedy',2004,'Spider-Man 2','Spider_Man_2.jpg','Spider_Man_2.jpg',200000000,35.149586,783766341,6.7,4321,6),(50,'2025-12-28 23:48:38.144589','When Tony Stark\'s world is torn apart by a formidable terrorist called the Mandarin, he starts an odyssey of rebuilding and retribution.','Shane Black',195,'Horror',2013,'Iron Man 3','Iron_Man_3.jpg','Iron_Man_3.jpg',200000000,77.68208,1215439994,6.8,8806,23),(51,'2025-12-28 23:48:38.608911','After being held captive in an Afghan cave, billionaire engineer Tony Stark creates a unique weaponized suit of armor to fight evil.','Shane Black',195,'Crime',2013,'Iron Man','Iron_Man.jpg','Iron_Man.jpg',140000000,120.725053,585174222,7.4,8776,23),(52,'2025-12-28 23:48:39.412178','Alice, an unpretentious and individual 19-year-old, is betrothed to a dunce of an English nobleman. At her engagement party, she escapes the crowd to consider whether to go through with the marriage and falls down a hole in the garden after spotting an unusual rabbit. Arriving in a strange and surreal place called \'Underland,\' she finds herself in a world that resembles the nightmares she had as a child, filled with talking animals, villainous queens and knights, and frumious bandersnatches. Alice realizes that she is there for a reason – to conquer the horrific Jabberwocky and restore the rightful queen to her throne.','Tim Burton',108,'Fantasy',2010,'Alice in Wonderland','Alice_in_Wonderland.jpg','Alice_in_Wonderland.jpg',200000000,78.530105,1025491110,6.4,4645,24),(53,'2025-12-28 23:48:40.066785','On the afternoon of July 1, 1981, Los Angeles police responded to a distress call on Wonderland Avenue and discovered a grisly quadruple homicide. The police investigation that followed uncovered two versions of the events leading up to the brutal murders - both involving legendary porn actor John Holmes. You\'re about to experience both versions.','Tim Burton',108,'Adventure',2010,'Wonderland','Wonderland.jpg','Wonderland.jpg',5000000,7.79068,2466444,6.2,73,24),(54,'2025-12-28 23:48:40.596938','When a cure is found to treat mutations, lines are drawn amongst the X-Men and The Brotherhood, a band of powerful mutants organized under Xavier\'s former ally, Magneto.','Brett Ratner',104,'Mystery',2006,'X-Men: The Last Stand','X_Men_The_Last_Stand.jpg','X_Men_The_Last_Stand.jpg',210000000,3.857526,459359555,6.3,3525,25),(55,'2025-12-28 23:48:41.097514','Two mutants, Rogue and Wolverine, come to a private academy for their kind whose resident superhero team, the X-Men, must oppose a terrorist organization with similar powers.','Brett Ratner',104,'Action',2006,'X-Men','X_Men.jpg','X_Men.jpg',75000000,4.66891,296339527,6.8,4097,25),(56,'2025-12-28 23:48:41.627836','Ray Owens is sheriff of the quiet US border town of Sommerton Junction after leaving the LAPD following a bungled operation. Following his escape from the FBI, a notorious drug baron, his gang, and a hostage are heading toward Sommerton Junction where the police are preparing to make a last stand to intercept them before they cross the border. Owens is reluctant to become involved but ultimately joins in with the law enforcement efforts','Brett Ratner',104,'War',2006,'The Last Stand','The_Last_Stand.jpg','The_Last_Stand.jpg',30000000,43.882857,0,5.7,1266,25),(57,'2025-12-28 23:48:42.129212','A look at the relationship between Mike and Sulley during their days at Monsters University — when they weren\'t necessarily the best of friends.','Dan Scanlon',104,'Romance',2013,'Monsters University','Monsters_University.jpg','Monsters_University.jpg',200000000,89.186492,743559607,7,3528,26),(58,'2025-12-28 23:48:42.697689','Six years ago NASA discovered the possibility of alien life within our solar system. A probe was launched to collect samples, but crashed upon re-entry over Central America. Soon after, new life forms began to appear and half of Mexico was quarantined as an infected zone. Today, the American and Mexican military still struggle to contain \"the creatures,\" while a journalist agrees to escort a shaken tourist through the infected zone in Mexico to the safety of the U.S. border.','Dan Scanlon',104,'Western',2013,'Monsters','Monsters.jpg','Monsters.jpg',500000,26.406001,4242978,6.2,587,26),(59,'2025-12-28 23:48:43.039946','Sam Witwicky leaves the Autobots behind for a normal life. But when his mind is filled with cryptic symbols, the Decepticons target him and he is dragged back into the Transformers\' war.','Michael Bay',150,'Drama',2009,'Transformers: Revenge of the Fallen','Transformers_Revenge_of_the_Fallen.jpg','Transformers_Revenge_of_the_Fallen.jpg',150000000,21.939663,836297228,6,3138,27),(60,'2025-12-28 23:48:43.526083','Young teenager, Sam Witwicky becomes involved in the ancient struggle between two extraterrestrial factions of transforming robots – the heroic Autobots and the evil Decepticons. Sam holds the clue to unimaginable power and the Decepticons will stop at nothing to retrieve it.','Michael Bay',150,'Crime',2009,'Transformers','movie_60.jpg','movie_60.jpg',150000000,25.468493,709709780,6.6,4040,27),(61,'2025-12-28 23:48:44.208086','When strangers Frank Delano and his Uncle Bobby purchase the local amusement park of a \"peaceful\" resort town they stir up guilt and suspicion among the locals over a murder and suicide the town would rather forget.','Michael Bay',150,'Biography',2009,'Carousel of Revenge','movie_61.jpg','movie_61.jpg',0,0.006069,0,0,0,27),(62,'2025-12-28 23:48:44.623822','As humanity picks up the pieces, following the conclusion of \"Transformers: Dark of the Moon,\" Autobots and Decepticons have all but vanished from the face of the planet. However, a group of powerful, ingenious businessman and scientists attempt to learn from past Transformer incursions and push the boundaries of technology beyond what they can control - all while an ancient, powerful Transformer menace sets Earth in his cross-hairs.','Michael Bay',165,'Crime',2014,'Transformers: Age of Extinction','movie_62.jpg','movie_62.jpg',210000000,116.840296,1091405097,5.8,3095,27),(63,'2025-12-28 23:48:45.668929','Oscar Diggs, a small-time circus illusionist and con-artist, is whisked from Kansas to the Land of Oz where the inhabitants assume he\'s the great wizard of prophecy, there to save Oz from the clutches of evil.','Sam Raimi',130,'Adventure',2013,'Oz: The Great and Powerful','movie_63.jpg','movie_63.jpg',200000000,46.985445,491868548,5.7,3530,6),(64,'2025-12-28 23:48:46.219847','Sam Flynn, the tech-savvy and daring son of Kevin Flynn, investigates his father\'s disappearance and is pulled into The Grid. With the help of a mysterious program named Quorra, Sam quests to stop evil dictator Clu from crossing into the real world.','Joseph Kosinski',125,'Action',2010,'TRON: Legacy','movie_64.jpg','movie_64.jpg',170000000,73.79505,400062763,6.3,2841,28),(65,'2025-12-28 23:48:46.717697','Star race car Lightning McQueen and his pal Mater head overseas to compete in the World Grand Prix race. But the road to the championship becomes rocky as Mater gets caught up in an intriguing adventure of his own: international espionage.','John Lasseter',106,'Fantasy',2011,'Cars 2','movie_65.jpg','movie_65.jpg',200000000,49.98659,559852396,5.8,2033,29),(66,'2025-12-28 23:48:47.476527','Lightning McQueen, a hotshot rookie race car driven to succeed, discovers that life is about the journey, not the finish line, when he finds himself unexpectedly detoured in the sleepy Route 66 town of Radiator Springs. On route across the country to the big Piston Cup Championship in California to compete against two seasoned pros, McQueen gets to know the town\'s offbeat characters.','John Lasseter',106,'Romance',2011,'Cars','movie_66.jpg','movie_66.jpg',120000000,82.643036,461983149,6.6,3877,29),(67,'2025-12-28 23:48:47.834594','For centuries, a small but powerful force of warriors called the Green Lantern Corps has sworn to keep intergalactic order. Each Green Lantern wears a ring that grants him superpowers. But when a new enemy called Parallax threatens to destroy the balance of power in the Universe, their fate and the fate of Earth lie in the hands of the first human ever recruited.','Martin Campbell',123,'Action',2011,'Green Lantern','movie_67.jpg','movie_67.jpg',200000000,51.872839,219851172,5.1,2487,30),(68,'2025-12-28 23:48:48.396047','Woody, Buzz, and the rest of Andy\'s toys haven\'t been played with in years. With Andy about to go to college, the gang find themselves accidentally left at a nefarious day care center. The toys must band together to escape and return home to Andy.','Lee Unkrich',103,'Fantasy',2010,'Toy Story 3','movie_68.jpg','movie_68.jpg',200000000,59.995418,1066969703,7.6,4597,31),(69,'2025-12-28 23:48:48.733699','Led by Woody, Andy\'s toys live happily in his room until Andy\'s birthday brings Buzz Lightyear onto the scene. Afraid of losing his place in Andy\'s heart, Woody plots against Buzz. But when circumstances separate Buzz and Woody from their owner, the duo eventually learns to put aside their differences.','Lee Unkrich',103,'Fantasy',2010,'Toy Story','movie_69.jpg','movie_69.jpg',30000000,73.640445,373554033,7.7,5269,31),(70,'2025-12-28 23:48:49.419266','All grown up in post-apocalyptic 2018, John Connor must lead the resistance of humans against the increasingly dominating militaristic robots. But when Marcus Wright appears, his existence confuses the mission as Connor tries to determine whether Wright has come from the future or the past -- and whether he\'s friend or foe.','McG',118,'Crime',2009,'Terminator Salvation','movie_70.jpg','movie_70.jpg',200000000,71.862892,371353001,5.9,2463,32),(71,'2025-12-28 23:48:49.932645','Deckard Shaw seeks revenge against Dominic Toretto and his family for his comatose brother.','James Wan',140,'Action',2015,'Furious 7','movie_71.jpg','movie_71.jpg',190000000,102.322217,1506249360,7.3,4176,33),(72,'2025-12-28 23:48:50.625580','Life for former United Nations investigator Gerry Lane and his family seems content. Suddenly, the world is plagued by a mysterious infection turning whole human populations into rampaging mindless zombies. After barely escaping the chaos, Lane is persuaded to go on a mission to investigate this disease. What follows is a perilous trek around the world where Lane must brave horrific dangers and long odds to find answers before human civilization falls.','Marc Forster',123,'Action',2013,'World War Z','movie_72.jpg','movie_72.jpg',200000000,81.834855,531865000,6.7,5560,12),(73,'2025-12-28 23:48:51.058026','Michael Moore\'s Capitalism: A Love Story comes home to the issue he\'s been examining throughout his career: the disastrous impact of corporate dominance on the everyday lives of Americans (and by default, the rest of the world).','Michael Moore',105,'Mystery',2009,'Capitalism: A Love Story','movie_73.jpg','movie_73.jpg',20000000,10.50098,17436509,7,167,34),(74,'2025-12-28 23:48:51.569198','The ultimate X-Men ensemble fights a war for the survival of the species across two time periods as they join forces with their younger selves in an epic battle that must change the past – to save our future.','Bryan Singer',149,'Crime',2014,'X-Men: Days of Future Past','movie_74.jpg','movie_74.jpg',250000000,118.078691,747862775,7.5,6032,11),(75,'2025-12-28 23:48:51.944103','When the crew of the Enterprise is called back home, they find an unstoppable force of terror from within their own organization has detonated the fleet and everything it stands for, leaving our world in a state of crisis.  With a personal score to settle, Captain Kirk leads a manhunt to a war-zone world to capture a one man weapon of mass destruction. As our heroes are propelled into an epic chess game of life and death, love will be challenged, friendships will be torn apart, and sacrifices must be made for the only family Kirk has left: his crew.','J.J. Abrams',132,'Comedy',2013,'Star Trek Into Darkness','movie_75.jpg','movie_75.jpg',190000000,78.291018,467365246,7.4,4418,35),(76,'2025-12-28 23:48:52.746830','The fate of the galaxy rests in the hands of bitter rivals. One, James Kirk, is a delinquent, thrill-seeking Iowa farm boy. The other, Spock, a Vulcan, was raised in a logic-based society that rejects all emotion. As fiery instinct clashes with calm reason, their unlikely but powerful partnership is the only thing capable of leading their crew through unimaginable danger, boldly going where no one has gone before. The human adventure has begun again.','J.J. Abrams',132,'Musical',2013,'Star Trek','movie_76.jpg','movie_76.jpg',150000000,73.616808,385680446,7.4,4518,35),(77,'2025-12-28 23:48:53.260582','A teenage girl moves into a remote countryside house with her family, only to discover that their gloomy new home has a horrifying past that threatens to destroy the family.','J.J. Abrams',132,'Action',2013,'Darkness','movie_77.jpg','movie_77.jpg',0,6.340135,0,5.6,112,35),(78,'2025-12-28 23:48:54.073305','The story of an ancient war that is reignited when a young farmhand unwittingly opens a gateway between our world and a fearsome race of giants. Unleashed on the Earth for the first time in centuries, the giants strive to reclaim the land they once lost, forcing the young man, Jack into the battle of his life to stop them. Fighting for a kingdom, its people, and the love of a brave princess, he comes face to face with the unstoppable warriors he thought only existed in legend–and gets the chance to become a legend himself.','Bryan Singer',114,'Animation',2013,'Jack the Giant Slayer','movie_78.jpg','movie_78.jpg',195000000,43.349855,197687603,5.5,2598,11),(79,'2025-12-28 23:48:55.044988','An adaptation of F. Scott Fitzgerald\'s Long Island-set novel, where Midwesterner Nick Carraway is lured into the lavish world of his neighbor, Jay Gatsby. Soon enough, however, Carraway will see through the cracks of Gatsby\'s nouveau riche existence, where obsession, madness, and tragedy await.','Baz Luhrmann',143,'Horror',2013,'The Great Gatsby','movie_79.jpg','movie_79.jpg',105000000,61.196071,351040419,7.3,3769,36),(80,'2025-12-28 23:48:55.648636','A rogue prince reluctantly joins forces with a mysterious princess and together, they race against dark forces to safeguard an ancient dagger capable of releasing the Sands of Time – gift from the gods that can reverse time and allow its possessor to rule the world.','Mike Newell',116,'Mystery',2010,'Prince of Persia: The Sands of Time','movie_80.jpg','movie_80.jpg',150000000,62.169881,335154643,6.2,2317,37),(81,'2025-12-28 23:48:56.585001','When legions of monstrous creatures, known as Kaiju, started rising from the sea, a war began that would take millions of lives and consume humanity\'s resources for years on end. To combat the giant Kaiju, a special type of weapon was devised: massive robots, called Jaegers, which are controlled simultaneously by two pilots whose minds are locked in a neural bridge. But even the Jaegers are proving nearly defenseless in the face of the relentless Kaiju. On the verge of defeat, the forces defending mankind have no choice but to turn to two unlikely heroes—a washed-up former pilot (Charlie Hunnam) and an untested trainee (Rinko Kikuchi)—who are teamed to drive a legendary but seemingly obsolete Jaeger from the past. Together, they stand as mankind\'s last hope against the mounting apocalypse.','Guillermo del Toro',131,'Horror',2013,'Pacific Rim','movie_81.jpg','movie_81.jpg',180000000,56.523205,407602906,6.7,4794,38),(82,'2025-12-28 23:48:57.011611','Sam Witwicky takes his first tenuous steps into adulthood while remaining a reluctant human ally of Autobot-leader Optimus Prime. The film centers around the space race between the USSR and the USA, suggesting there was a hidden Transformers role in it all that remains one of the planet\'s most dangerous secrets.','Michael Bay',154,'Musical',2011,'Transformers: Dark of the Moon','movie_82.jpg','movie_82.jpg',195000000,28.529607,1123746996,6.1,3299,27),(83,'2025-12-28 23:48:57.680347','With only three weeks left in his three year contract, Sam Bell is getting anxious to finally return to Earth. He is the only occupant of a Moon-based manufacturing facility along with his computer and assistant, GERTY. When he has an accident however, he wakens to find that he is not alone.','Michael Bay',154,'War',2011,'Moon','movie_83.jpg','movie_83.jpg',5000000,46.114184,9760104,7.6,1794,27),(84,'2025-12-28 23:48:58.459508','Set during the Cold War, the Soviets – led by sword-wielding Irina Spalko – are in search of a crystal skull which has supernatural powers related to a mystical Lost City of Gold. After being captured and then escaping from them, Indy is coerced to head to Peru at the behest of a young man whose friend – and Indy\'s colleague – Professor Oxley has been captured for his knowledge of the skull\'s whereabouts.','Steven Spielberg',122,'Comedy',2008,'Indiana Jones and the Kingdom of the Crystal Skull','movie_84.jpg','movie_84.jpg',185000000,75.674458,786636033,5.7,2495,39),(85,'2025-12-28 23:48:58.879140','A team of U.S. government agents is sent to investigate the bombing of an American facility in the Middle East.','Steven Spielberg',122,'Thriller',2008,'The Kingdom','movie_85.jpg','movie_85.jpg',70000000,26.123705,86658558,6.5,513,39),(86,'2025-12-28 23:48:59.488738','An epic journey into the world of dinosaurs where an Apatosaurus named Arlo makes an unlikely human friend.','Peter Sohn',93,'Animation',2015,'The Good Dinosaur','movie_86.jpg','movie_86.jpg',175000000,51.692953,331926147,6.6,1736,40),(87,'2025-12-28 23:49:00.036896','An orphaned dinosaur raised by lemurs joins an arduous trek to a sancturary after a meteorite shower destroys his family home.','Peter Sohn',93,'Animation',2015,'Dinosaur','movie_87.jpg','movie_87.jpg',127500000,26.548594,354248063,6.2,542,40),(88,'2025-12-28 23:49:00.554749','The rise of national socialism in Germany should not be regarded as a conspiracy of madmen. Millions of \"good\" people found themselves in a society spiralling into terrible chaos. A film about then, which illuminates the terrors of now.','Peter Sohn',93,'Adventure',2015,'Good','movie_88.jpg','movie_88.jpg',0,2.397987,0,6.3,29,40),(89,'2025-12-28 23:49:01.440751','Brave is set in the mystical Scottish Highlands, where Mérida is the princess of a kingdom ruled by King Fergus and Queen Elinor. An unruly daughter and an accomplished archer, Mérida one day defies a sacred custom of the land and inadvertently brings turmoil to the kingdom. In an attempt to set things right, Mérida seeks out an eccentric old Wise Woman and is granted an ill-fated wish. Also figuring into Mérida’s quest — and serving as comic relief — are the kingdom’s three lords: the enormous Lord MacGuffin, the surly Lord Macintosh, and the disagreeable Lord Dingwall.','Mark Andrews',93,'Romance',2012,'Brave','movie_89.jpg','movie_89.jpg',185000000,125.114374,538983207,6.7,4641,41),(90,'2025-12-28 23:49:01.801193','Holly has everything it takes to be a star; the voice, the dream and the dedication, but she lacks the means to break away from her humble Texas upbringing. Then she gets the chance to attend an art and music school on the East coast and her future suddenly looks bright. But the road to stardom is a bumpy one.','Mark Andrews',93,'Western',2012,'Brave New Girl','movie_90.jpg','movie_90.jpg',0,0.18094,0,3.7,3,41),(91,'2025-12-28 23:49:02.554126','A group of dated appliances find themselves stranded in a summer home that their family had just sold decide to, a la The Incredible Journey, seek their young 8 year old \"master\". Children\'s film which on the surface is a frivolous fantasy, but with a dark subtext of abandonment, obsolescence, and loneliness.','Mark Andrews',93,'Adventure',2012,'The Brave Little Toaster','movie_91.jpg','movie_91.jpg',2000000,6.86302,0,6.7,93,41),(92,'2025-12-28 23:49:03.097386','The USS Enterprise crew explores the furthest reaches of uncharted space, where they encounter a mysterious new enemy who puts them and everything the Federation stands for to the test.','Justin Lin',122,'Action',2016,'Star Trek Beyond','movie_92.jpg','movie_92.jpg',185000000,65.352913,343471816,6.6,2568,42),(93,'2025-12-28 23:49:04.512486','WALL·E is the last robot left on an Earth that has been overrun with garbage and all humans have fled to outer space. For 700 years he has continued to try and clean up the mess, but has developed some rather interesting human-like qualities. When a ship arrives with a sleek new type of robot, WALL·E thinks he\'s finally found a friend and stows away on the ship when it leaves.','Andrew Stanton',98,'Sci-Fi',2008,'WALL·E','movie_93.jpg','movie_93.jpg',180000000,66.390712,521311860,7.8,6296,5),(94,'2025-12-28 23:49:05.064039','After an attempted assassination on Ambassador Han, Inspector Lee and Detective Carter are back in action as they head to Paris to protect a French woman with knowledge of the Triads\' secret leaders. Lee also holds secret meetings with a United Nations authority, but his personal struggles with a Chinese criminal mastermind named Kenji, which reveals that it\'s Lee\'s long-lost...brother.','Brett Ratner',91,'Action',2007,'Rush Hour 3','movie_94.jpg','movie_94.jpg',140000000,22.57178,258022233,6.1,783,25),(95,'2025-12-28 23:49:05.457989','A biographical drama centered on the rivalry between Formula 1 drivers James Hunt and Niki Lauda during the 1976 Formula One motor-racing season.','Brett Ratner',91,'Drama',2007,'Rush','movie_95.jpg','movie_95.jpg',38000000,33.003828,90247624,7.7,2277,25),(96,'2025-12-28 23:49:06.260590','Dr. Adrian Helmsley, part of a worldwide geophysical team investigating the effect on the earth of radiation from unprecedented solar storms, learns that the earth\'s core is heating up. He warns U.S. President Thomas Wilson that the crust of the earth is becoming unstable and that without proper preparations for saving a fraction of the world\'s population, the entire race is doomed. Meanwhile, writer Jackson Curtis stumbles on the same information. While the world\'s leaders race to build \"arks\" to escape the impending cataclysm, Curtis struggles to find a way to save his family. Meanwhile, volcanic eruptions and earthquakes of unprecedented strength wreak havoc around the world.','Roland Emmerich',158,'Comedy',2009,'2012','movie_96.jpg','movie_96.jpg',200000000,45.274225,769653595,5.6,4903,43),(97,'2025-12-28 23:49:06.701089','Miser Ebenezer Scrooge is awakened on Christmas Eve by spirits who reveal to him his own miserable existence, what opportunities he wasted in his youth, his current cruelties, and the dire fate that awaits him if he does not change his ways. Scrooge is faced with his own story of growing bitterness and meanness, and must decide what his own future will hold: death or redemption.','Robert Zemeckis',96,'Family',2009,'A Christmas Carol','movie_97.jpg','movie_97.jpg',200000000,39.744242,325233863,6.6,1095,44),(98,'2025-12-28 23:49:07.090877','In a universe where human genetic material is the most precious commodity, an impoverished young Earth woman becomes the key to strategic maneuvers and internal strife within a powerful dynasty…','Lana Wachowski',127,'Horror',2015,'Jupiter Ascending','movie_98.jpg','movie_98.jpg',176000003,85.36908,183987723,5.2,2768,45),(99,'2025-12-28 23:49:07.850631','Tarzan, having acclimated to life in London, is called back to his former home in the jungle to investigate the activities at a mining encampment.','David Yates',110,'Crime',2016,'The Legend of Tarzan','movie_99.jpg','movie_99.jpg',180000000,42.741719,356743061,5.5,2430,9),(100,'2025-12-28 23:49:08.332308','Suave, charming and volatile, Reggie Kray and his unstable twin brother Ronnie start to leave their mark on the London underworld in the 1960s. Using violence to get what they want, the siblings orchestrate robberies and murders while running nightclubs and protection rackets. With police Detective Leonard \"Nipper\" Read hot on their heels, the brothers continue their rapid rise to power and achieve tabloid notoriety.','David Yates',110,'Action',2016,'Legend','movie_100.jpg','movie_100.jpg',25000000,32.854557,42972994,6.7,973,9),(101,'2025-12-28 23:49:08.931052','Siblings Lucy, Edmund, Susan and Peter step through a magical wardrobe and find the land of Narnia. There, the they discover a charming, once peaceful kingdom that has been plunged into eternal winter by the evil White Witch, Jadis. Aided by the wise and magnificent lion, Aslan, the children lead Narnia into a spectacular, climactic battle to be free of the Witch\'s glacial powers forever.','Andrew Adamson',150,'Animation',2005,'The Chronicles of Narnia: The Lion, the Witch and the Wardrobe','movie_101.jpg','movie_101.jpg',180000000,67.391328,748806957,6.7,2629,13),(102,'2025-12-28 23:49:09.867662','New England in the 1630s: William and Katherine lead a devout Christian life with five children, homesteading on the edge of an impassable wilderness. When their newborn son vanishes and crops fail, the family turns on one another. Beyond their worst fears, a supernatural evil lurks in the nearby wood.','Andrew Adamson',150,'Adventure',2005,'The Witch','movie_102.jpg','movie_102.jpg',3500000,50.319662,40423945,6.3,1434,13),(103,'2025-12-28 23:49:10.306690','After the re-emergence of the world\'s first mutant, world-destroyer Apocalypse, the X-Men must unite to defeat his extinction level plan.','Bryan Singer',144,'Crime',2016,'X-Men: Apocalypse','movie_103.jpg','movie_103.jpg',178000000,139.272042,543934787,6.4,4721,11),(104,'2025-12-28 23:49:11.009031','Carl Fredricksen spent his entire life dreaming of exploring the globe and experiencing life to its fullest. But at age 78, life seems to have passed him by, until a twist of fate (and a persistent 8-year old Wilderness Explorer named Russell) gives him a new lease on life.','Pete Docter',96,'Sci-Fi',2009,'Up','movie_104.jpg','movie_104.jpg',175000000,92.201962,735099082,7.7,6870,46),(105,'2025-12-28 23:49:11.437726','Cody is a surfing penguin from Shiverpool who dreams of making it big and being like his idol Big Z. On his journey he discovers his talents are not all he thinks they are and he must learn to accept that their is more to surfing than fame and fortune.  Surf\'s Up is a 2007 American computer-animated mockumentary film produced by Sony Pictures Animation and distributed by Columbia Pictures and ImageWorks Studios. It stars the voices of Shia LaBeouf, Jeff Bridges, Zooey Deschanel, Jon Heder among others.','Pete Docter',96,'Sci-Fi',2009,'Surf\'s Up','movie_105.jpg','movie_105.jpg',85000000,23.230851,149044513,5.9,601,46),(106,'2025-12-28 23:49:12.145473','Tally Atwater has a dream: to be a prime-time network newscaster. She pursues this dream with nothing but ambition, raw talent and a homemade demo tape. Warren Justice is a brilliant, hard edged, veteran newsman. He sees Tally has talent and becomes her mentor. Tally’s career takes a meteoric rise and she and Warren fall in love. The romance that results is as intense and revealing as television news itself. Yet, each breaking story, every videotaped crisis that brings them together, also threatens to drive them apart...','Pete Docter',96,'Romance',2009,'Up Close & Personal','movie_106.jpg','movie_106.jpg',60000000,4.801849,0,5.9,50,46),(107,'2025-12-28 23:49:12.530440','Cohabitating couple Gary and Brooke find their once-blissful romance on the rocks when petty spats about lemons and dirty dishes mushroom into an all-out battle for custody of their upscale Chicago condo. An escalating argument ensues as Gary and Brooke continue to live under the same roof, all while cooking up schemes to drive each other off the premises.','Pete Docter',96,'Adventure',2009,'The Break-Up','movie_107.jpg','movie_107.jpg',52000000,26.251217,204999686,5.6,832,46),(108,'2025-12-28 23:49:13.054811','Dave is a married man with two kids and a loving wife , and Mitch is a single man who is at the prime of his sexual life. One fateful night while Mitch and Dave are peeing in a fountain when lightning strikes, they switch bodies.','Pete Docter',96,'Adventure',2009,'The Change-Up','movie_108.jpg','movie_108.jpg',52000000,32.015477,75450437,5.9,736,46),(109,'2025-12-28 23:49:13.561996','A trio of sisters bond over their ambivalence toward the approaching death of their curmudgeonly father, to whom none of them was particularly close.','Pete Docter',96,'Sci-Fi',2009,'Hanging Up','movie_109.jpg','movie_109.jpg',40000000,3.415534,36037909,5,40,46),(110,'2025-12-28 23:49:13.973435','When Zoe tires of looking for Mr. Right, she decides to have a baby on her own. But on the day she\'s artificially inseminated, she meets Stan, who seems to be just who she\'s been searching for all her life. Now, Zoe has to figure out how to make her two life\'s dreams fit with each other.','Pete Docter',96,'Adventure',2009,'The Back-Up Plan','movie_110.jpg','movie_110.jpg',35000000,18.38292,77477008,5.7,458,46),(111,'2025-12-28 23:49:14.800234','Emily arrives in Miami with aspirations to become a professional dancer. She sparks with Sean, the leader of a dance crew whose neighborhood is threatened by Emily\'s father\'s development plans.','Pete Docter',96,'Animation',2009,'Step Up Revolution','movie_111.jpg','movie_111.jpg',33000000,29.775441,140470746,6.7,663,46),(112,'2025-12-28 23:49:15.234471','George Clooney plays the dry cynical character of Ryan Bingham, an executive who specializes in \"downsizing\". Ryan lives out of his suitcase, traveling the country for the sole purpose terminating unwanted employees day after day. Just as Ryan is about to reach his life-long goal of the ten million mile frequent flyer mark some major changes come his way. Changes that threaten to crack the cold heartless exterior that is Ryan Bingham.','Pete Docter',96,'Sci-Fi',2009,'Up in the Air','movie_112.jpg','movie_112.jpg',25000000,33.704181,163670000,6.7,1205,46),(113,'2025-12-28 23:49:15.917022','A tight-knit group of New York City street dancers, including Luke and Natalie, team up with NYU freshman Moose, and find themselves pitted against the world\'s best hip hop dancers in a high-stakes showdown that will change their lives forever.','Pete Docter',96,'Sci-Fi',2009,'Step Up 3D','movie_113.jpg','movie_113.jpg',30000000,25.060342,159291809,6.6,582,46),(114,'2025-12-28 23:49:17.421315','A chronicle of James Brown\'s rise from extreme poverty to become one of the most influential musicians in history.','Pete Docter',96,'Adventure',2009,'Get on Up','movie_114.jpg','movie_114.jpg',0,13.064264,31911598,6.4,158,46),(115,'2025-12-28 23:49:17.830933','For fun loving party animal Ben Stone, the last thing he ever expected was for his one night stand to show up on his doorstep eight weeks later to tell him she\'s pregnant.','Pete Docter',96,'Romance',2009,'Knocked Up','movie_115.jpg','movie_115.jpg',30000000,22.527211,219076518,6.2,1214,46),(116,'2025-12-28 23:49:19.066105','When rebellious street dancer Andie lands at the elite Maryland School of the Arts, she finds herself fighting to fit in while also trying to hold onto her old life. When she joins forces with the schools hottest dancer, Chase, to form a crew of classmate outcasts to compete in Baltimore s underground dance battle The Streets.','Pete Docter',96,'Sci-Fi',2009,'Step Up 2: The Streets','movie_116.jpg','movie_116.jpg',23000000,28.973074,150816700,6.5,640,46),(117,'2025-12-28 23:49:20.789761','On a winter day in a southside Queens high school, events collide and six students are suddenly in an armed standoff with the NYPD. At the school, classrooms freeze, teachers come and go, resources are scant.','Pete Docter',96,'Adventure',2009,'Light It Up','movie_117.jpg','movie_117.jpg',0,1.212956,0,6.6,7,46),(118,'2025-12-28 23:49:21.152080','Everyone deserves a chance to follow their dreams, but some people only get one shot. Tyler Gage is a rebel from the wrong side of Baltimore\'s tracks and the only thing that stands between him and an unfulfilled life are his dreams of one day making it out of there. Nora is a privileged ballet dancer attending Baltimore\'s ultra-elite Maryland School of the Arts','Pete Docter',96,'Adventure',2009,'Step Up','movie_118.jpg','movie_118.jpg',12000000,45.477802,114194847,6.7,1060,46),(119,'2025-12-28 23:49:21.653845','While they\'re on vacation in the Southwest, Rae finds out her man Michael spent their house money on a classic car, so she dumps him, hitching a ride to Vegas for a flight home. A kid promptly steals Michael\'s car, leaving him at the Zip &amp; Sip, a convenience store. Three bumbling robbers promptly stage a hold up. Two take off with the cash stranding the third, with a mysterious crate, just as the cops arrive. The robber takes the store hostage. As incompetent cops bring in a SWAT team and try a by-the-book rescue, Michael has to keep the robber calm, find out what\'s in the crate, aid the negotiations, and get back to Rae. The Stockholm Syndrome asserts its effect.','Pete Docter',96,'Romance',2009,'Held Up','movie_119.jpg','movie_119.jpg',0,1.569449,0,4.9,11,46),(120,'2025-12-28 23:49:22.266492','All hilarity breaks loose in this heartwarming coming-of-age comedy when three generations of Fiedlers collide in a crazy family reunion. As they prepare for the biggest Bar Mitzvah on the block, they begin to see that they\'re much more alike than they\'d originally thought.','Pete Docter',96,'Animation',2009,'Keeping Up with the Steins','movie_120.jpg','movie_120.jpg',0,3.562563,0,5.2,18,46),(121,'2025-12-28 23:49:22.965316','Two broke buddies feel lucky when they come upon a truckload of cellular phones and begin selling them out of the back of their van. Trouble arises though, when the phones develop faults. The two friends then not only have to deal with unsatisfied customers but also the FBI.','Pete Docter',96,'Adventure',2009,'I Got the Hook Up','movie_121.jpg','movie_121.jpg',0,0.593068,0,5.4,8,46),(122,'2025-12-28 23:49:23.333140','In 1979, an Indian family moves to America with hopes of living the American Dream. While their 10-year-old boy Smith falls head-over-heels for the girl next door, his desire to become a \"good old boy\" propels him further away from his family\'s ideals than ever before.','Pete Docter',96,'Adventure',2009,'Growing Up Smith','movie_122.jpg','movie_122.jpg',0,0.71087,0,7.4,7,46),(123,'2025-12-28 23:49:23.687570','Follows Andy, who needs to hook up with a hottie, pronto, because he hasn\'t had sex in... well, forever - and his luck isn\'t the only thing that\'s hard. His equally horny teenage roommates also need it superbad, and with the help of their nerdy pal, McAnalovin\' and his fake I.D., they may tap more than just a keg.','Pete Docter',96,'Sci-Fi',2009,'The 41–Year–Old Virgin Who Knocked Up Sarah Marshall and Felt Superbad About It','movie_123.jpg','movie_123.jpg',0,5.628399,0,3.2,34,46),(124,'2025-12-28 23:49:24.126132','When Susan Murphy is unwittingly clobbered by a meteor full of outer space gunk on her wedding day, she mysteriously grows to 49-feet-11-inches. The military jumps into action and captures Susan, secreting her away to a covert government compound. She is renamed Ginormica and placed in confinement with a ragtag group of Monsters...','Rob Letterman',94,'Action',2009,'Monsters vs Aliens','movie_124.jpg','movie_124.jpg',175000000,36.167578,381509870,6,1423,47),(125,'2025-12-28 23:49:24.586219','When Ripley\'s lifepod is found by a salvage crew over 50 years later, she finds that terra-formers are on the very planet they found the alien species. When the company sends a family of colonists out to investigate her story, all contact is lost with the planet and colonists. They enlist Ripley and the colonial marines to return and search for answers.','Rob Letterman',94,'Action',2009,'Aliens','movie_125.jpg','movie_125.jpg',18500000,67.66094,183316455,7.7,3220,47),(126,'2025-12-28 23:49:25.659866','Hugo is an orphan boy living in the walls of a train station in 1930s Paris. He learned to fix clocks and other gadgets from his father and uncle which he puts to use keeping the train station clocks running. The only thing that he has left that connects him to his dead father is an automaton (mechanical man) that doesn\'t work without a special key which Hugo needs to find to unlock the secret he believes it contains. On his adventures, he meets with a shopkeeper, George Melies, who works in the train station and his adventure-seeking god-daughter. Hugo finds that they have a surprising connection to his father and the automaton, and he discovers it unlocks some memories the old man has buried inside regarding his past.','Martin Scorsese',126,'Fantasy',2011,'Hugo','movie_126.jpg','movie_126.jpg',170000000,32.319043,185770160,7,2141,48),(127,'2025-12-28 23:49:26.492781','Legless Southern inventor Dr. Arliss Loveless plans to rekindle the Civil War by assassinating President U.S. Grant. Only two men can stop him: gunfighter James West and master-of-disguise and inventor Artemus Gordon. The two must team up to thwart Loveless\' plans.','Barry Sonnenfeld',106,'Comedy',1999,'Wild Wild West','movie_127.jpg','movie_127.jpg',170000000,40.748915,222104681,5.1,1020,15),(128,'2025-12-28 23:49:27.033717','A woman with a tragic past decides to start her new life by hiking for one thousand miles on the Pacific Crest Trail.','Barry Sonnenfeld',106,'Action',1999,'Wild','movie_128.jpg','movie_128.jpg',15000000,42.952942,52501541,7,951,15),(129,'2025-12-28 23:49:27.864367','Archaeologist Rick O\'Connell travels to China, pitting him against an emperor from the 2,000-year-old Han dynasty who\'s returned from the dead to pursue a quest for world domination. This time, O\'Connell enlists the help of his wife and son to quash the so-called \'Dragon Emperor\' and his abuse of supernatural power.','Rob Cohen',112,'Drama',2008,'The Mummy: Tomb of the Dragon Emperor','movie_129.jpg','movie_129.jpg',145000000,60.034162,401128639,5.2,1387,49),(130,'2025-12-28 23:49:28.587539','From DC Comics comes the Suicide Squad, an antihero team of incarcerated supervillains who act as deniable assets for the United States government, undertaking high-risk black ops missions in exchange for commuted prison sentences.','David Ayer',123,'Action',2016,'Suicide Squad','movie_130.jpg','movie_130.jpg',175000000,90.23792,745000000,5.9,7458,50),(131,'2025-12-28 23:49:28.952141','God contacts Congressman Evan Baxter and tells him to build an ark in preparation for a great flood.','Tom Shadyac',96,'Romance',2007,'Evan Almighty','movie_131.jpg','movie_131.jpg',175000000,27.082182,173000000,5.3,1151,51),(132,'2025-12-28 23:49:29.292075','Major Bill Cage is an officer who has never seen a day of combat when he is unceremoniously demoted and dropped into combat. Cage is killed within minutes, managing to take an alpha alien down with him. He awakens back at the beginning of the same day and is forced to fight and die again... and again - as physical contact with the alien has thrown him into a time loop.','Doug Liman',113,'Comedy',2014,'Edge of Tomorrow','movie_132.jpg','movie_132.jpg',178000000,79.456485,370541256,7.6,4858,52),(133,'2025-12-28 23:49:29.875382','In a futuristic world where the polar ice caps have melted and made Earth a liquid planet, a beautiful barmaid rescues a mutant seafarer from a floating island prison. They escape, along with her young charge, Enola, and sail off aboard his ship. But the trio soon becomes the target of a menacing pirate who covets the map to \'Dryland\' – which is tattooed on Enola\'s back.','Kevin Reynolds',176,'Action',1995,'Waterworld','movie_133.jpg','movie_133.jpg',175000000,44.640292,264218220,5.9,992,53),(134,'2025-12-28 23:49:30.646091','From the Egyptian desert to deep below the polar ice caps, the elite G.I. JOE team uses the latest in next-generation spy and military equipment to fight the corrupt arms dealer Destro and the growing threat of the mysterious Cobra organization to prevent them from plunging the world into chaos.','Stephen Sommers',118,'Horror',2009,'G.I. Joe: The Rise of Cobra','movie_134.jpg','movie_134.jpg',175000000,32.852443,302469017,5.6,1962,54),(135,'2025-12-28 23:49:30.981530','The rough-hewn boss of a lumber crew courts trouble when he steps in to protect the youngest member of his team from an abusive father.','Stephen Sommers',118,'Musical',2009,'Joe','movie_135.jpg','movie_135.jpg',4000000,22.987897,2365467,6.5,338,54),(136,'2025-12-28 23:49:31.461951','Growing up can be a bumpy road, and it\'s no exception for Riley, who is uprooted from her Midwest life when her father starts a new job in San Francisco. Like all of us, Riley is guided by her emotions - Joy, Fear, Anger, Disgust and Sadness. The emotions live in Headquarters, the control center inside Riley\'s mind, where they help advise her through everyday life. As Riley and her emotions struggle to adjust to a new life in San Francisco, turmoil ensues in Headquarters. Although Joy, Riley\'s main and most important emotion, tries to keep things positive, the emotions conflict on how best to navigate a new city, house and school.','Pete Docter',95,'Romance',2015,'Inside Out','movie_136.jpg','movie_136.jpg',175000000,128.655964,857611174,8,6560,46),(137,'2025-12-28 23:49:32.028449','After a threat from the tiger Shere Khan forces him to flee the jungle, a man-cub named Mowgli embarks on a journey of self discovery with the help of panther, Bagheera, and free spirited bear, Baloo.','Jon Favreau',106,'Fantasy',2016,'The Jungle Book','movie_137.jpg','movie_137.jpg',175000000,94.199316,966550600,6.7,2892,55),(138,'2025-12-28 23:49:32.567289','Mowgli, missing the jungle and his old friends, runs away from the man village unaware of the danger he\'s in by going back to the wild.','Jon Favreau',106,'Adventure',2016,'The Jungle Book 2','movie_138.jpg','movie_138.jpg',20000000,19.819893,135680000,5.6,269,55),(139,'2025-12-28 23:49:33.059230','With the world now aware of his dual life as the armored superhero Iron Man, billionaire inventor Tony Stark faces pressure from the government, the press and the public to share his technology with the military. Unwilling to let go of his invention, Stark, with Pepper Potts and James \'Rhodey\' Rhodes at his side, must forge new alliances – and confront powerful enemies.','Jon Favreau',126,'Horror',2008,'Iron Man 2','movie_139.jpg','movie_139.jpg',200000000,77.300194,623933331,6.6,6849,55),(140,'2025-12-28 23:49:33.466759','Years have passed since the Three Musketeers, Aramis, Athos and Porthos, have fought together with their friend, D\'Artagnan. But with the tyrannical King Louis using his power to wreak havoc in the kingdom while his twin brother, Philippe, remains imprisoned, the Musketeers reunite to abduct Louis and replace him with Philippe.','Jon Favreau',126,'Thriller',2008,'The Man in the Iron Mask','movie_140.jpg','movie_140.jpg',0,28.98027,0,6.3,1018,55),(141,'2025-12-28 23:49:33.898797','In feudal China, a blacksmith who makes weapons for a small village is put in the position where he must defend himself and his fellow villagers.','Jon Favreau',126,'Action',2008,'The Man with the Iron Fists','movie_141.jpg','movie_141.jpg',15000000,17.672021,15608545,5.2,358,55),(142,'2025-12-28 23:49:34.378002','After the Evil Queen marries the King, she performs a violent coup in which the King is murdered and his daughter, Snow White, is taken captive. Almost a decade later, a grown Snow White is still in the clutches of the Queen. In order to obtain immortality, The Evil Queen needs the heart of Snow White. After Snow escapes the castle, the Queen sends the Huntsman to find her in the Dark Forest.','Rupert Sanders',132,'Action',2012,'Snow White and the Huntsman','movie_142.jpg','movie_142.jpg',170000000,77.178973,396600000,5.8,3118,56),(143,'2025-12-28 23:49:35.066849','The untold story of Disney\'s most iconic villain from the 1959 classic \'Sleeping Beauty\'. A beautiful, pure-hearted young woman, Maleficent has an idyllic life growing up in a peaceable forest kingdom, until one day when an invading army threatens the harmony of the land.  Maleficent rises to be the land\'s fiercest protector, but she ultimately suffers a ruthless betrayal – an act that begins to turn her heart into stone. Bent on revenge, Maleficent faces an epic battle with the invading King\'s successor and, as a result, places a curse upon his newborn infant Aurora. As the child grows, Maleficent realizes that Aurora holds the key to peace in the kingdom - and to Maleficent\'s true happiness as well.','Robert Stromberg',97,'Drama',2014,'Maleficent','movie_143.jpg','movie_143.jpg',180000000,110.620647,758539785,7,4496,57),(144,'2025-12-28 23:49:35.681685','A group of scientists in San Francisco struggle to stay alive in the aftermath of a plague that is wiping out humanity, while Caesar tries to maintain dominance over his community of intelligent apes.','Matt Reeves',130,'Comedy',2014,'Dawn of the Planet of the Apes','movie_144.jpg','movie_144.jpg',170000000,243.791743,710644566,7.3,4410,58),(145,'2025-12-28 23:49:36.395324','After a spectacular crash-landing on an uncharted planet, brash astronaut Leo Davidson finds himself trapped in a savage world where talking apes dominate the human race. Desperate to find a way home, Leo must evade the invincible gorilla army led by Ruthless General Thade.','Matt Reeves',130,'War',2014,'Planet of the Apes','movie_145.jpg','movie_145.jpg',100000000,51.188633,362211740,5.6,1243,58),(146,'2025-12-28 23:49:36.730336','The Lovers is an epic romance time travel adventure film. Helmed by Roland Joffé from a story by Ajey Jhankar, the film is a sweeping tale of an impossible love set against the backdrop of the first Anglo-Maratha war across two time periods and continents and centred around four characters — a British officer in 18th century colonial India, the Indian woman he falls deeply in love with, an American present-day marine biologist and his wife.','Roland Joffé',109,'Comedy',2015,'The Lovers','movie_146.jpg','movie_146.jpg',27000000,2.418535,0,4.8,34,59),(147,'2025-12-28 23:49:37.127887','Based on the original 1941 movie from Japan, and from ancient Japan’s most enduring tale, the epic 3D fantasy-adventure 47 Ronin is born.  Keanu Reeves leads the cast as Kai, an outcast who joins Oishi (Hiroyuki Sanada), the leader of the 47 outcast samurai.  Together they seek vengeance upon the treacherous overlord who killed their master and banished their kind.  To restore honor to their homeland, the warriors embark upon a quest that challenges them with a series of trials that would destroy ordinary warriors.','Carl Rinsch',128,'Drama',2013,'47 Ronin','movie_147.jpg','movie_147.jpg',175000000,41.796339,150962475,5.9,1326,60),(148,'2025-12-28 23:49:37.554309','A briefcase with undisclosed contents – sought by Irish terrorists and the Russian mob – makes its way into criminals\' hands. An Irish liaison assembles a squad of mercenaries, or \'ronin\', and gives them the thorny task of recovering the case.','Carl Rinsch',128,'Comedy',2013,'Ronin','movie_148.jpg','movie_148.jpg',55000000,32.657488,41610884,6.7,658,60),(149,'2025-12-28 23:49:38.097493','After the cataclysmic events in New York with The Avengers, Steve Rogers, aka Captain America is living quietly in Washington, D.C. and trying to adjust to the modern world. But when a S.H.I.E.L.D. colleague comes under attack, Steve becomes embroiled in a web of intrigue that threatens to put the world at risk. Joining forces with the Black Widow, Captain America struggles to expose the ever-widening conspiracy while fighting off professional assassins sent to silence him at every turn. When the full scope of the villainous plot is revealed, Captain America and the Black Widow enlist the help of a new ally, the Falcon. However, they soon find themselves up against an unexpected and formidable enemy—the Winter Soldier.','Anthony Russo',136,'Drama',2014,'Captain America: The Winter Soldier','movie_149.jpg','movie_149.jpg',170000000,72.225265,714766572,7.6,5764,20),(150,'2025-12-28 23:49:38.534699','Sergeant Todd is a veteran soldier for an elite group of the armed forces. After being defeated by a new breed of genetically engineered soldiers, he is dumped on a waste planet and left for dead. He soon interacts with a group of crash survivors who lead out a peaceful existence. The peace is broken as the new soldiers land on the planet to eliminate the colony, which Sergeant Todd must defend.','Anthony Russo',136,'Crime',2014,'Soldier','movie_150.jpg','movie_150.jpg',75000000,11.873856,14567883,6.1,221,20),(151,'2025-12-28 23:49:39.133832','A bored and domesticated Shrek pacts with deal-maker Rumpelstiltskin to get back to feeling like a real ogre again, but when he\'s duped and sent to a twisted version of Far Far Away—where Rumpelstiltskin is king, ogres are hunted, and he and Fiona have never met—he sets out to restore his world and reclaim his true love.','Mike Mitchell',93,'Sci-Fi',2010,'Shrek Forever After','movie_151.jpg','movie_151.jpg',165000000,44.041186,752600867,6,1959,61),(152,'2025-12-28 23:49:39.580291','It ain\'t easy bein\' green -- especially if you\'re a likable (albeit smelly) ogre named Shrek. On a mission to retrieve a gorgeous princess from the clutches of a fire-breathing dragon, Shrek teams up with an unlikely compatriot -- a wisecracking donkey.','Mike Mitchell',93,'Romance',2010,'Shrek','movie_152.jpg','movie_152.jpg',60000000,67.298732,484409218,7.3,4056,61),(153,'2025-12-28 23:49:40.196575','When two bus crash survivors awake to discover that they are the only people left in their small town, they must form an unlikely alliance in a race to unravel the truth behind their isolation. As strange events begin to unfold, they start to question whether the town they know so well is really what it seems.','Mike Mitchell',93,'Sci-Fi',2010,'After','movie_153.jpg','movie_153.jpg',0,4.596157,0,5.6,63,61),(154,'2025-12-28 23:49:40.818825','Bound by a shared destiny, a bright, optimistic teen bursting with scientific curiosity and a former boy-genius inventor jaded by disillusionment embark on a danger-filled mission to unearth the secrets of an enigmatic place somewhere in time and space that exists in their collective memory as \"Tomorrowland.\"','Brad Bird',130,'Action',2015,'Tomorrowland','movie_154.jpg','movie_154.jpg',190000000,130.311355,209154322,6.2,2846,62),(155,'2025-12-28 23:49:41.284262','The special bond that develops between plus-sized inflatable robot Baymax, and prodigy Hiro Hamada, who team up with a group of friends to form a band of high-tech heroes.','Don Hall',102,'Action',2014,'Big Hero 6','movie_155.jpg','movie_155.jpg',165000000,203.73459,652105443,7.8,6135,63),(156,'2025-12-28 23:49:41.618605','One man defeated three assassins who sought to murder the most powerful warlord in pre-unified China.','Don Hall',102,'Thriller',2014,'Hero','movie_156.jpg','movie_156.jpg',31000000,23.607392,177394432,7.2,635,63),(157,'2025-12-28 23:49:42.129903','A young boy, Josh Baskin makes a wish at a carnival machine to be big. He wakes up the following morning to find that it has been granted and his body has grown older overnight. But he is still the same 13-year-old boy inside. Now he must learn how to cope with the unfamiliar world of grown-ups including getting a job and having his first romantic encounter with a woman. What will he find out about this strange world?','Don Hall',102,'Comedy',2014,'Big','movie_157.jpg','movie_157.jpg',18000000,20.716023,151668774,6.9,993,63),(158,'2025-12-28 23:49:42.545426','Wreck-It Ralph is the 9-foot-tall, 643-pound villain of an arcade video game named Fix-It Felix Jr., in which the game\'s titular hero fixes buildings that Ralph destroys. Wanting to prove he can be a good guy and not just a villain, Ralph escapes his game and lands in Hero\'s Duty, a first-person shooter where he helps the game\'s hero battle against alien invaders. He later enters Sugar Rush, a kart racing game set on tracks made of candies, cookies and other sweets. There, Ralph meets Vanellope von Schweetz who has learned that her game is faced with a dire threat that could affect the entire arcade, and one that Ralph may have inadvertently started.','Rich Moore',101,'Fantasy',2012,'Wreck-It Ralph','movie_158.jpg','movie_158.jpg',165000000,62.341073,471222889,7.1,4570,64),(159,'2025-12-28 23:49:43.134561','When a doubting young boy takes an extraordinary train ride to the North Pole, he embarks on a journey of self-discovery that shows him that the wonder of life never fades for those who believe.','Robert Zemeckis',100,'Western',2004,'The Polar Express','movie_159.jpg','movie_159.jpg',165000000,47.323228,305875730,6.4,1474,44),(160,'2025-12-28 23:49:43.481968','Based on the incredible true story, The Express follows the inspirational life of college football hero Ernie Davis, the first African-American to win the Heisman Trophy.','Robert Zemeckis',100,'Adventure',2004,'The Express','movie_160.jpg','movie_160.jpg',40000000,3.87823,9793496,7.1,71,44),(161,'2025-12-28 23:49:43.779051','We always knew they were coming back. Using recovered alien technology, the nations of Earth have collaborated on an immense defense program to protect the planet. But nothing can prepare us for the aliens’ advanced and unprecedented force. Only the ingenuity of a few brave men and women can bring our world back from the brink of extinction.','Roland Emmerich',120,'Thriller',2016,'Independence Day: Resurgence','movie_161.jpg','movie_161.jpg',165000000,48.775723,389681935,4.9,2491,43),(162,'2025-12-28 23:49:44.439610','On July 2, a giant alien mothership enters orbit around Earth and deploys several dozen saucer-shaped \'destroyer\' spacecraft that quickly lay waste to major cities around the planet. On July 3, the United States conducts a coordinated counterattack that fails. On July 4, a plan is devised to gain access to the interior of the alien mothership in space, in order to plant a nuclear missile.','Roland Emmerich',120,'Biography',2016,'Independence Day','movie_162.jpg','movie_162.jpg',75000000,60.442593,816969268,6.7,3260,43),(163,'2025-12-28 23:49:44.828647','As the son of a Viking leader on the cusp of manhood, shy Hiccup Horrendous Haddock III faces a rite of passage: he must kill a dragon to prove his warrior mettle. But after downing a feared dragon, he realizes that he no longer wants to destroy it, and instead befriends the beast – which he names Toothless – much to the chagrin of his warrior father','Dean DeBlois',98,'Sci-Fi',2010,'How to Train Your Dragon','movie_163.jpg','movie_163.jpg',165000000,67.263269,494878759,7.5,4227,65),(164,'2025-12-28 23:49:45.218364','The thrilling second chapter of the epic How To Train Your Dragon trilogy brings back the fantastical world of Hiccup and Toothless five years later. While Astrid, Snotlout and the rest of the gang are challenging each other to dragon races (the island\'s new favorite contact sport), the now inseparable pair journey through the skies, charting unmapped territories and exploring new worlds. When one of their adventures leads to the discovery of a secret ice cave that is home to hundreds of new wild dragons and the mysterious Dragon Rider, the two friends find themselves at the center of a battle to protect the peace.','Dean DeBlois',98,'Adventure',2010,'How to Train Your Dragon 2','movie_164.jpg','movie_164.jpg',145000000,100.21391,609123048,7.6,3106,65),(165,'2025-12-28 23:49:45.761944','This new Train tells the tale of an American wrestling team who board a train that just so happens to be used as a supermarket for organ harvesters.','Dean DeBlois',98,'Adventure',2010,'Train','movie_165.jpg','movie_165.jpg',0,3.280081,0,4.8,36,65),(166,'2025-12-28 23:49:46.085499','It\'s been 10 years since John Connor saved Earth from Judgment Day, and he\'s now living under the radar, steering clear of using anything Skynet can trace. That is, until he encounters T-X, a robotic assassin ordered to finish what T-1000 started. Good thing Connor\'s former nemesis, the Terminator, is back to aid the now-adult Connor … just like he promised.','Jonathan Mostow',109,'Action',2003,'Terminator 3: Rise of the Machines','movie_166.jpg','movie_166.jpg',200000000,69.405188,435000000,5.9,2143,66),(167,'2025-12-28 23:49:46.526929','In the post-apocalyptic future, reigning tyrannical supercomputers teleport a cyborg assassin known as the \"Terminator\" back to 1984 to kill Sarah Connor, whose unborn son is destined to lead insurgents against 21st century mechanical hegemony. Meanwhile, the human-resistance movement dispatches a lone warrior to safeguard Sarah. Can he stop the virtually indestructible killing machine?','Jonathan Mostow',109,'Biography',2003,'The Terminator','movie_167.jpg','movie_167.jpg',6400000,74.234793,78371200,7.3,4128,66),(168,'2025-12-28 23:49:47.229189','Light years from Earth, 26 years after being abducted, Peter Quill finds himself the prime target of a manhunt after discovering an orb wanted by Ronan the Accuser.','James Gunn',121,'Comedy',2014,'Guardians of the Galaxy','movie_168.jpg','movie_168.jpg',170000000,481.098624,773328629,7.9,9742,67),(169,'2025-12-28 23:49:47.592132','Interstellar chronicles the adventures of a group of explorers who make use of a newly discovered wormhole to surpass the limitations on human space travel and conquer the vast distances involved in an interstellar voyage.','Christopher Nolan',169,'Adventure',2014,'Interstellar','movie_169.jpg','movie_169.jpg',165000000,724.247784,675120017,8.1,10867,4),(170,'2025-12-28 23:49:48.308365','Cobb, a skilled thief who commits corporate espionage by infiltrating the subconscious of his targets is offered a chance to regain his old life as payment for a task considered to be impossible: \"inception\", the implantation of another person\'s idea into a target\'s subconscious.','Christopher Nolan',148,'Action',2010,'Inception','movie_170.jpg','movie_170.jpg',160000000,167.58371,825532764,8.1,13752,4),(171,'2025-12-28 23:49:48.671412','From the mind behind Evangelion comes a hit larger than life.  When a massive, gilled monster emerges from the deep and tears through the city, the government scrambles to save its citizens.  A rag-tag team of volunteers cuts through a web of red tape to uncover the monster\'s weakness and its mysterious ties to a foreign superpower.  But time is not on their side - the greatest catastrophe to ever befall the world is about to evolve right before their very eyes.','Hideaki Anno',120,'Action',2016,'Shin Godzilla','movie_171.jpg','movie_171.jpg',15000000,9.476999,77000000,6.5,143,68),(172,'2025-12-28 23:49:48.981870','Bilbo Baggins, a hobbit enjoying his quiet life, is swept into an epic quest by Gandalf the Grey and thirteen dwarves who seek to reclaim their mountain home from Smaug, the dragon.','Peter Jackson',182,'Fantasy',2012,'The Hobbit: An Unexpected Journey','movie_172.jpg','movie_172.jpg',250000000,108.849621,1021103568,7,8297,16),(173,'2025-12-28 23:49:49.489275','Domenic Toretto is a Los Angeles street racer suspected of masterminding a series of big-rig hijackings. When undercover cop Brian O\'Conner infiltrates Toretto\'s iconoclastic crew, he falls for Toretto\'s sister and must choose a side: the gang or the LAPD.','Rob Cohen',106,'Crime',2001,'The Fast and the Furious','movie_173.jpg','movie_173.jpg',38000000,6.909942,207283925,6.6,3428,49),(174,'2025-12-28 23:49:49.937038','In order to avoid a jail sentence, Sean Boswell heads to Tokyo to live with his military father. In a low-rent section of the city, Shaun gets caught up in the underground world of drift racing','Rob Cohen',106,'Action',2001,'The Fast and the Furious: Tokyo Drift','movie_174.jpg','movie_174.jpg',85000000,8.282876,158468292,6.1,1705,49),(175,'2025-12-28 23:49:50.392421','The lifelong friendship between Rafe McCawley and Danny Walker is put to the ultimate test when the two ace fighter pilots become entangled in a love triangle with beautiful Naval nurse Evelyn Johnson. But the rivalry between the friends-turned-foes is immediately put on hold when they find themselves at the center of Japan\'s devastating attack on Pearl Harbor on Dec. 7, 1941.','Michael Bay',184,'Action',2001,'Pearl Harbor','movie_175.jpg','movie_175.jpg',140000000,34.20669,449220945,6.6,1791,27),(176,'2025-12-28 23:49:51.336756','Alexander, the King of Macedonia, leads his legions against the giant Persian Empire. After defeating the Persians, he leads his army across the then known world, venturing farther than any westerner had ever gone, all the way to India.','Oliver Stone',206,'Comedy',2004,'Alexander','movie_176.jpg','movie_176.jpg',155000000,39.019229,167298192,5.6,927,69),(177,'2025-12-28 23:49:51.977932','An ecological drama/documentary, filmed throughout the globe. Part thriller, part meditation on the vanishing wonders of the sub-aquatic world.','Jacques Perrin',104,'Documentary',2009,'Oceans','movie_177.jpg','movie_177.jpg',0,10.706613,19406406,7.3,111,70),(178,'2025-12-28 23:49:52.582859','This documentary goes to coral reefs of the Bahamas and the waters of the Kingdom of Tonga for a close encounter with the surviving tribes of the ocean: wild dolphins and belugas, the love of a Humpback mother for her newborn calf, the singing Humpback males, an orca the mighty King of the ocean, and the gentle manatee. Little-known aspects of these creatures capable of sophisticated communication and social interaction. Documents the life of these graceful, majestic yet endangered sea creatures','Jean-Jacques Mantello',42,'Animation',2008,'Dolphins and Whales: Tribes of the Ocean','movie_178.jpg','movie_178.jpg',6000000,0.041651,7518876,8,3,71),(179,'2025-12-28 23:49:53.116728','A romantic drifter gets caught between a corrupt tycoon and his voluptuous wife.','Orson Welles',92,'Mystery',1947,'The Lady from Shanghai','movie_179.jpg','movie_179.jpg',2300000,8.055084,0,7.2,102,72),(180,'2025-12-29 01:31:05.948341','welcome to konoha','Kishimoto',25,'Anime',2001,'Naruto','c7a24db4-052d-4a79-944a-6de9fb7379a3_Screenshot from 2024-12-04 01-45-44.png',NULL,0,0,0,0,0,73);
/*!40000 ALTER TABLE `movies` ENABLE KEYS */;
UNLOCK TABLES;

--
-- Table structure for table `music`
--

DROP TABLE IF EXISTS `music`;
/*!40101 SET @saved_cs_client     = @@character_set_client */;
/*!50503 SET character_set_client = utf8mb4 */;
CREATE TABLE `music` (
  `id` bigint NOT NULL AUTO_INCREMENT,
  `album` varchar(100) DEFAULT NULL,
  `artist` varchar(100) DEFAULT NULL,
  `created_at` datetime(6) NOT NULL,
  `duration` int NOT NULL,
  `genre` varchar(100) DEFAULT NULL,
  `release_year` int NOT NULL,
  `title` varchar(255) NOT NULL,
  `image_url` varchar(500) DEFAULT NULL,
  `image_filename` varchar(255) DEFAULT NULL,
  `album_id` bigint DEFAULT NULL,
  PRIMARY KEY (`id`),
  KEY `FK8fo52lalr1nc2bofyynapqy1k` (`album_id`),
  CONSTRAINT `FK8fo52lalr1nc2bofyynapqy1k` FOREIGN KEY (`album_id`) REFERENCES `albums` (`id`)
) ENGINE=InnoDB AUTO_INCREMENT=101 DEFAULT CHARSET=utf8mb4 COLLATE=utf8mb4_0900_ai_ci;
/*!40101 SET character_set_client = @saved_cs_client */;

--
-- Dumping data for table `music`
--

LOCK TABLES `music` WRITE;
/*!40000 ALTER TABLE `music` DISABLE KEYS */;
INSERT INTO `music` VALUES (1,'All I Want For Christmas Is You - Single','Mariah Carey','2025-12-29 00:37:44.302967',182,'R&B/Soul',2025,'All I Want For Christmas Is You','music_1.jpg','music_1.jpg',1),(2,'Jingle Bell Rock - Single','Bobby Helms','2025-12-29 00:37:45.245182',212,'Christmas',2025,'Jingle Bell Rock','music_2.jpg','music_2.jpg',2),(3,'Rockin\' Around The Christmas Tree - Single','Brenda Lee','2025-12-29 00:37:46.387710',186,'Christmas',2025,'Rockin\' Around The Christmas Tree','music_3.jpg','music_3.jpg',3),(4,'Last Christmas - Single','Wham!','2025-12-29 00:37:47.269756',208,'Christmas',2025,'Last Christmas','music_4.jpg','music_4.jpg',4),(5,'Santa Tell Me - Single','Ariana Grande','2025-12-29 00:37:48.100198',206,'R&B/Soul',2025,'Santa Tell Me','music_5.jpg','music_5.jpg',5),(6,'The Christmas Song (Merry Christmas To You) - Single','Nat \"King\" Cole','2025-12-29 00:37:49.024029',206,'Jazz',2025,'The Christmas Song (Merry Christmas To You)','music_6.jpg','music_6.jpg',6),(7,'Underneath The Tree - Single','Kelly Clarkson','2025-12-29 00:37:49.867900',218,'Rock/Pop',2025,'Underneath The Tree','music_7.jpg','music_7.jpg',7),(8,'Let It Snow! Let It Snow! Let It Snow! - Single','Dean Martin','2025-12-29 00:37:50.711641',196,'Electronic',2025,'Let It Snow! Let It Snow! Let It Snow!','music_8.jpg','music_8.jpg',8),(9,'It\'s The Most Wonderful Time Of The Year - Single','Andy Williams','2025-12-29 00:37:51.552255',200,'Pop',2025,'It\'s The Most Wonderful Time Of The Year','music_9.jpg','music_9.jpg',9),(10,'The Fate Of Ophelia - Single','Taylor Swift','2025-12-29 00:37:52.562934',218,'Country',2025,'The Fate Of Ophelia','music_10.jpg','music_10.jpg',10),(11,'Golden - Single','HUNTR/X: EJAE, Audrey Nuna & REI AMI','2025-12-29 00:37:53.664856',192,'Indie/Alternative',2025,'Golden','music_11.jpg','music_11.jpg',11),(12,'Sleigh Ride - Single','The Ronettes','2025-12-29 00:37:54.555481',202,'Christmas',2025,'Sleigh Ride','music_12.jpg','music_12.jpg',12),(13,'It\'s Beginning To Look A Lot Like Christmas - Single','Michael Buble','2025-12-29 00:37:55.676733',206,'Christmas',2025,'It\'s Beginning To Look A Lot Like Christmas','music_13.jpg','music_13.jpg',13),(14,'Feliz Navidad - Single','Jose Feliciano','2025-12-29 00:37:56.711393',206,'Christmas',2025,'Feliz Navidad','music_14.jpg','music_14.jpg',14),(15,'Ordinary - Single','Alex Warren','2025-12-29 00:37:57.577023',196,'Indie Pop',2025,'Ordinary','music_15.jpg','music_15.jpg',15),(16,'A Holly Jolly Christmas - Single','Burl Ives','2025-12-29 00:37:58.375801',226,'Christmas',2025,'A Holly Jolly Christmas','music_16.jpg','music_16.jpg',16),(17,'Christmas (Baby Please Come Home) - Single','Darlene Love','2025-12-29 00:37:59.312021',186,'Christmas',2025,'Christmas (Baby Please Come Home)','music_17.jpg','music_17.jpg',17),(18,'Man I Need - Single','Olivia Dean','2025-12-29 00:38:00.088076',200,'Indie Pop',2025,'Man I Need','music_18.jpg','music_18.jpg',18),(19,'Run Rudolph Run - Single','Chuck Berry','2025-12-29 00:38:00.936729',210,'Rock',2025,'Run Rudolph Run','music_19.jpg','music_19.jpg',19),(20,'White Christmas (1947) - Single','Bing CrosbyWith Ken Darby Singers & John Scott Trotter & His Orchestra','2025-12-29 00:38:01.853296',224,'Christmas',2025,'White Christmas (1947)','music_20.jpg','music_20.jpg',20),(21,'Jingle Bells - Single','Frank SinatraWith The Orchestra & Chorus Of Gordon Jenkins','2025-12-29 00:38:02.792316',204,'Christmas',2025,'Jingle Bells','music_21.jpg','music_21.jpg',21),(22,'FDO - Single','Pooh Shiesty','2025-12-29 00:38:03.705388',186,'Hip Hop/Rap',2025,'FDO','music_22.jpg','music_22.jpg',22),(23,'It\'s Beginning To Look A Lot Like Christmas - Single','Perry ComoAnd The Fontane Sisters WithMitchell Ayres And His Orchestra','2025-12-29 00:38:04.661449',206,'Country',2025,'It\'s Beginning To Look A Lot Like Christmas','music_23.jpg','music_23.jpg',23),(24,'Santa Baby - Single','Eartha KittWith Henri Rene And His Orchestra','2025-12-29 00:38:05.840747',200,'Christmas',2025,'Santa Baby','music_24.jpg','music_24.jpg',24),(25,'Deck The Halls - Single','Nat King Cole','2025-12-29 00:38:06.871318',208,'Jazz',2025,'Deck The Halls','music_25.jpg','music_25.jpg',25),(26,'Choosin\' Texas - Single','Ella Langley','2025-12-29 00:38:07.896042',208,'Jazz',2025,'Choosin\' Texas','music_26.jpg','music_26.jpg',26),(27,'Blue Christmas - Single','Elvis Presley','2025-12-29 00:38:08.818920',208,'Christmas',2025,'Blue Christmas','music_27.jpg','music_27.jpg',27),(28,'Here Comes Santa Claus (Right Down Santa Claus Lane) - Single','Gene Autry','2025-12-29 00:38:09.702750',224,'Christmas',2025,'Here Comes Santa Claus (Right Down Santa Claus Lane)','music_28.jpg','music_28.jpg',28),(29,'Like It\'s Christmas - Single','Jonas Brothers','2025-12-29 00:38:10.593062',218,'Christmas',2025,'Like It\'s Christmas','music_29.jpg','music_29.jpg',29),(30,'Back To Friends - Single','sombr','2025-12-29 00:38:11.483803',210,'Indie Pop',2025,'Back To Friends','music_30.jpg','music_30.jpg',30),(31,'Mutt - Single','Leon Thomas','2025-12-29 00:38:12.584088',188,'R&B/Soul',2025,'Mutt','music_31.jpg','music_31.jpg',31),(32,'Wonderful Christmastime - Single','Paul McCartney','2025-12-29 00:38:13.716176',226,'Christmas',2025,'Wonderful Christmastime','music_32.jpg','music_32.jpg',32),(33,'Please Come Home For Christmas - Single','Eagles','2025-12-29 00:38:14.677437',180,'Christmas',2025,'Please Come Home For Christmas','music_33.jpg','music_33.jpg',33),(34,'Folded - Single','Kehlani','2025-12-29 00:38:15.764864',192,'R&B/Soul',2025,'Folded','music_34.jpg','music_34.jpg',34),(35,'Rudolph The Red-Nosed Reindeer - Single','Gene Autry& The Pinafores','2025-12-29 00:38:16.801846',180,'Christmas',2025,'Rudolph The Red-Nosed Reindeer','music_35.jpg','music_35.jpg',35),(36,'Christmastime Is Here - Single','Vince Guaraldi Trio','2025-12-29 00:38:17.840007',222,'Christmas',2025,'Christmastime Is Here','music_36.jpg','music_36.jpg',36),(37,'Opalite - Single','Taylor Swift','2025-12-29 00:38:19.089537',194,'Country',2025,'Opalite','music_37.jpg','music_37.jpg',37),(38,'Santa, Can\'t You Hear Me - Single','Kelly Clarkson&Ariana Grande','2025-12-29 00:38:19.990862',228,'Rock/Pop',2025,'Santa, Can\'t You Hear Me','music_38.jpg','music_38.jpg',38),(39,'You\'re A Mean One, Mr. Grinch - Single','Thurl Ravenscroft','2025-12-29 00:38:20.961550',238,'Pop',2025,'You\'re A Mean One, Mr. Grinch','music_39.jpg','music_39.jpg',39),(40,'Holly Jolly Christmas - Single','Michael Buble','2025-12-29 00:38:22.297586',222,'Christmas',2025,'Holly Jolly Christmas','music_40.jpg','music_40.jpg',40),(41,'Little Saint Nick - Single','The Beach Boys','2025-12-29 00:38:23.313943',214,'Rock/Pop',2025,'Little Saint Nick','music_41.jpg','music_41.jpg',41),(42,'Merry Christmas - Single','Ed Sheeran&Elton John','2025-12-29 00:38:24.275279',210,'Christmas',2025,'Merry Christmas','music_42.jpg','music_42.jpg',42),(43,'Mistletoe - Single','Justin Bieber','2025-12-29 00:38:25.209928',198,'Pop/Dance',2025,'Mistletoe','music_43.jpg','music_43.jpg',43),(44,'Daisies - Single','Justin Bieber','2025-12-29 00:38:26.130823',194,'Pop/Dance',2025,'Daisies','music_44.jpg','music_44.jpg',44),(45,'Baby It\'s Cold Outside - Single','Dean Martin','2025-12-29 00:38:27.001536',224,'Electronic',2025,'Baby It\'s Cold Outside','music_45.jpg','music_45.jpg',45),(46,'(There\'s No Place Like) Home For The Holidays (1959) - Single','Perry ComoWith Mitchell Ayers And His Orchestra','2025-12-29 00:38:28.059725',224,'Country',2025,'(There\'s No Place Like) Home For The Holidays (1959)','music_46.jpg','music_46.jpg',46),(47,'This Christmas - Single','Donny Hathaway','2025-12-29 00:38:28.886646',208,'Christmas',2025,'This Christmas','music_47.jpg','music_47.jpg',47),(48,'Santa Claus Is Comin\' To Town - Single','Jackson 5','2025-12-29 00:38:30.224738',238,'Christmas',2025,'Santa Claus Is Comin\' To Town','music_48.jpg','music_48.jpg',48),(49,'Happy Holiday / The Holiday Season - Single','Andy Williams','2025-12-29 00:38:31.188906',188,'Pop',2025,'Happy Holiday / The Holiday Season','music_49.jpg','music_49.jpg',49),(50,'Winter Wonderland - Single','Darlene Love','2025-12-29 00:38:32.083486',214,'Pop',2025,'Winter Wonderland','music_50.jpg','music_50.jpg',50),(51,'Mr Recoup - Single','21 Savage&Drake','2025-12-29 00:38:32.993189',198,'Hip Hop/Rap',2025,'Mr Recoup','music_51.jpg','music_51.jpg',51),(52,'It Depends - Single','Chris BrownFeaturingBryson Tiller','2025-12-29 00:38:33.909330',200,'R&B/Soul',2025,'It Depends','music_52.jpg','music_52.jpg',52),(53,'Where Is My Husband! - Single','RAYE','2025-12-29 00:38:35.543043',220,'Funk/Soul',2025,'Where Is My Husband!','music_53.jpg','music_53.jpg',53),(54,'So Easy (To Fall In Love) - Single','Olivia Dean','2025-12-29 00:38:36.485382',230,'Indie Pop',2025,'So Easy (To Fall In Love)','music_54.jpg','music_54.jpg',54),(55,'Don\'t Mind If I Do - Single','Riley GreenFeaturing Ella Langley','2025-12-29 00:38:37.519014',216,'Jazz',2025,'Don\'t Mind If I Do','music_55.jpg','music_55.jpg',55),(56,'Tit For Tat - Single','Tate McRae','2025-12-29 00:38:38.448837',202,'Pop/Dance',2025,'Tit For Tat','music_56.jpg','music_56.jpg',56),(57,'wgft - Single','GunnaFeaturingBurna Boy','2025-12-29 00:38:39.392284',188,'Hip Hop/Rap',2025,'wgft','music_57.jpg','music_57.jpg',57),(58,'20 Cigarettes - Single','Morgan Wallen','2025-12-29 00:38:40.244985',206,'Country',2025,'20 Cigarettes','music_58.jpg','music_58.jpg',58),(59,'Is It A Crime - Single','Mariah The Scientist&Kali Uchis','2025-12-29 00:38:41.175325',206,'R&B/Soul',2025,'Is It A Crime','music_59.jpg','music_59.jpg',59),(60,'Gabriela - Single','KATSEYE','2025-12-29 00:38:42.361902',196,'Pop/Dance',2025,'Gabriela','music_60.jpg','music_60.jpg',60),(61,'Nice To Meet You - Single','Myles Smith','2025-12-29 00:38:43.331981',212,'Pop/Dance',2025,'Nice To Meet You','music_61.jpg','music_61.jpg',61),(62,'Yukon - Single','Justin Bieber','2025-12-29 00:38:44.225528',190,'Pop/Dance',2025,'Yukon','music_62.jpg','music_62.jpg',62),(63,'Happen To Me - Single','Russell Dickerson','2025-12-29 00:38:45.177358',204,'Country',2025,'Happen To Me','music_63.jpg','music_63.jpg',63),(64,'Hell At Night - Single','BigXthaPlug Featuring Ella Langley','2025-12-29 00:38:46.354122',206,'Jazz',2025,'Hell At Night','music_64.jpg','music_64.jpg',64),(65,'6 Months Later - Single','Megan Moroney','2025-12-29 00:38:47.317962',208,'Country',2025,'6 Months Later','music_65.jpg','music_65.jpg',65),(66,'House Again - Single','Hudson Westbrook','2025-12-29 00:38:48.235761',202,'Country',2025,'House Again','music_66.jpg','music_66.jpg',66),(67,'Tears - Single','Sabrina Carpenter','2025-12-29 00:38:49.245657',190,'Pop/Dance',2025,'Tears','music_67.jpg','music_67.jpg',67),(68,'Better Me For You (Brown Eyes) - Single','Max McNown','2025-12-29 00:38:50.089476',180,'Indie Pop',2025,'Better Me For You (Brown Eyes)','music_68.jpg','music_68.jpg',68),(69,'A Couple Minutes - Single','Olivia Dean','2025-12-29 00:38:51.116541',212,'Indie Pop',2025,'A Couple Minutes','music_69.jpg','music_69.jpg',69),(70,'The Fall - Single','Cody Johnson','2025-12-29 00:38:51.932587',196,'Country',2025,'The Fall','music_70.jpg','music_70.jpg',70),(71,'Shake The Snow Globe - Single','Gwen Stefani','2025-12-29 00:38:52.863625',220,'Rock/Pop',2025,'Shake The Snow Globe','music_71.jpg','music_71.jpg',71),(72,'Shot Callin - Single','YoungBoy Never Broke Again','2025-12-29 00:38:54.016897',202,'Pop',2025,'Shot Callin','music_72.jpg','music_72.jpg',72),(73,'Amen - Single','Shaboozey&Jelly Roll','2025-12-29 00:38:54.933762',188,'Pop',2025,'Amen','music_73.jpg','music_73.jpg',73),(74,'I Thought I Saw Your Face Today - Single','She & Him','2025-12-29 00:38:55.839707',182,'Pop',2025,'I Thought I Saw Your Face Today','music_74.jpg','music_74.jpg',74),(75,'Eternity - Single','Alex Warren','2025-12-29 00:38:56.840961',196,'Indie Pop',2025,'Eternity','music_75.jpg','music_75.jpg',75),(76,'Favorite Country Song - Single','HARDY','2025-12-29 00:38:58.056699',222,'Pop',2025,'Favorite Country Song','music_76.jpg','music_76.jpg',76),(77,'HA - Single','21 Savage','2025-12-29 00:38:58.993168',184,'Hip Hop',2025,'HA','music_77.jpg','music_77.jpg',77),(78,'Dracula - Single','Tame Impala','2025-12-29 00:38:59.936648',194,'Indie/Alternative',2025,'Dracula','music_78.jpg','music_78.jpg',78),(79,'12 To 12 - Single','sombr','2025-12-29 00:39:00.945754',196,'Indie Pop',2025,'12 To 12','music_79.jpg','music_79.jpg',79),(80,'How Far Does A Goodbye Go - Single','Jason Aldean','2025-12-29 00:39:02.167676',230,'Pop',2025,'How Far Does A Goodbye Go','music_80.jpg','music_80.jpg',80),(81,'Take Me Thru Dere - Single','Metro Boomin,Quavo, Breskii & YKNIECE','2025-12-29 00:39:03.404031',214,'Pop',2025,'Take Me Thru Dere','music_81.jpg','music_81.jpg',81),(82,'Turn The Lights Off - Single','KATO Featuring Jon','2025-12-29 00:39:05.076778',218,'Pop',2025,'Turn The Lights Off','music_82.jpg','music_82.jpg',82),(83,'ErrTime - Single','Cardi B','2025-12-29 00:39:05.957255',194,'Pop',2025,'ErrTime','music_83.jpg','music_83.jpg',83),(84,'Cowgirl - Single','Parmalee','2025-12-29 00:39:06.874406',194,'Pop',2025,'Cowgirl','music_84.jpg','music_84.jpg',84),(85,'Elizabeth Taylor - Single','Taylor Swift','2025-12-29 00:39:07.812758',212,'Country',2025,'Elizabeth Taylor','music_85.jpg','music_85.jpg',85),(86,'Where You From - Single','21 Savage','2025-12-29 00:39:08.654422',208,'Hip Hop',2025,'Where You From','music_86.jpg','music_86.jpg',86),(87,'Days Like These - Single','Luke Combs','2025-12-29 00:39:09.548773',210,'Country',2025,'Days Like These','music_87.jpg','music_87.jpg',87),(88,'Camera - Single','Ed Sheeran','2025-12-29 00:39:10.598882',192,'Pop',2025,'Camera','music_88.jpg','music_88.jpg',88),(89,'Stepbrothers - Single','21 Savage& Young Nudy','2025-12-29 00:39:11.830395',204,'Hip Hop',2025,'Stepbrothers','music_89.jpg','music_89.jpg',89),(90,'Last One To Know - Single','Gavin Adcock','2025-12-29 00:39:12.710855',212,'Pop',2025,'Last One To Know','music_90.jpg','music_90.jpg',90),(91,'Travelin\' Soldier - Single','Cody Johnson','2025-12-29 00:39:13.643895',214,'Country',2025,'Travelin\' Soldier','music_91.jpg','music_91.jpg',91),(92,'Gone Gone Gone - Single','David Guetta,Teddy Swims&Tones And I','2025-12-29 00:39:14.521996',208,'Pop',2025,'Gone Gone Gone','music_92.jpg','music_92.jpg',92),(93,'Dog $hit - Single','21 Savage&GloRilla','2025-12-29 00:39:15.378509',196,'Hip Hop',2025,'Dog $hit','music_93.jpg','music_93.jpg',93),(94,'Chanel - Single','Tyla','2025-12-29 00:39:16.306117',192,'Pop',2025,'Chanel','music_94.jpg','music_94.jpg',94),(95,'4 Raws - Single','EsDeeKid','2025-12-29 00:39:17.285054',192,'Pop',2025,'4 Raws','music_95.jpg','music_95.jpg',95),(96,'Sugar On My Tongue - Single','Tyler, The Creator','2025-12-29 00:39:18.140057',216,'Pop',2025,'Sugar On My Tongue','music_96.jpg','music_96.jpg',96),(97,'Father Figure - Single','Taylor Swift','2025-12-29 00:39:18.972236',206,'Country',2025,'Father Figure','music_97.jpg','music_97.jpg',97),(98,'3am - Single','Loe Shimmy &Don Toliver','2025-12-29 00:39:19.892604',186,'Pop',2025,'3am','music_98.jpg','music_98.jpg',98),(99,'Darlin\' - Single','Chase Matthew','2025-12-29 00:39:21.078097',194,'Pop',2025,'Darlin\'','music_99.jpg','music_99.jpg',99),(100,'I Ain\'t Coming Back - Single','Morgan WallenFeaturingPost Malone','2025-12-29 00:39:22.647168',218,'Country',2025,'I Ain\'t Coming Back','music_100.jpg','music_100.jpg',100);
/*!40000 ALTER TABLE `music` ENABLE KEYS */;
UNLOCK TABLES;

--
-- Table structure for table `music_genres`
--

DROP TABLE IF EXISTS `music_genres`;
/*!40101 SET @saved_cs_client     = @@character_set_client */;
/*!50503 SET character_set_client = utf8mb4 */;
CREATE TABLE `music_genres` (
  `id` bigint NOT NULL AUTO_INCREMENT,
  `name` varchar(255) NOT NULL,
  PRIMARY KEY (`id`),
  UNIQUE KEY `UK9mlt7ap8vqaw8wkfb20j0im43` (`name`)
) ENGINE=InnoDB AUTO_INCREMENT=2 DEFAULT CHARSET=utf8mb4 COLLATE=utf8mb4_0900_ai_ci;
/*!40101 SET character_set_client = @saved_cs_client */;

--
-- Dumping data for table `music_genres`
--

LOCK TABLES `music_genres` WRITE;
/*!40000 ALTER TABLE `music_genres` DISABLE KEYS */;
INSERT INTO `music_genres` VALUES (1,'Pop');
/*!40000 ALTER TABLE `music_genres` ENABLE KEYS */;
UNLOCK TABLES;

--
-- Table structure for table `music_to_genres`
--

DROP TABLE IF EXISTS `music_to_genres`;
/*!40101 SET @saved_cs_client     = @@character_set_client */;
/*!50503 SET character_set_client = utf8mb4 */;
CREATE TABLE `music_to_genres` (
  `music_id` bigint NOT NULL,
  `genre_id` bigint NOT NULL,
  PRIMARY KEY (`music_id`,`genre_id`),
  KEY `FKdgte0joqihlh2jgbby6ji9q9d` (`genre_id`),
  CONSTRAINT `FK8qxmwchvqc83y2nad1pnypb7j` FOREIGN KEY (`music_id`) REFERENCES `music` (`id`),
  CONSTRAINT `FKdgte0joqihlh2jgbby6ji9q9d` FOREIGN KEY (`genre_id`) REFERENCES `music_genres` (`id`)
) ENGINE=InnoDB DEFAULT CHARSET=utf8mb4 COLLATE=utf8mb4_0900_ai_ci;
/*!40101 SET character_set_client = @saved_cs_client */;

--
-- Dumping data for table `music_to_genres`
--

LOCK TABLES `music_to_genres` WRITE;
/*!40000 ALTER TABLE `music_to_genres` DISABLE KEYS */;
INSERT INTO `music_to_genres` VALUES (1,1),(2,1),(3,1),(4,1),(5,1),(6,1),(7,1),(8,1),(9,1),(10,1),(11,1),(12,1),(13,1),(14,1),(15,1),(16,1),(17,1),(18,1),(19,1),(20,1),(21,1),(22,1),(23,1),(24,1),(25,1),(26,1),(27,1),(28,1),(29,1),(30,1),(31,1),(32,1),(33,1),(34,1),(35,1),(36,1),(37,1),(38,1),(39,1),(40,1),(41,1),(42,1),(43,1),(44,1),(45,1),(46,1),(47,1),(48,1),(49,1),(50,1),(51,1),(52,1),(53,1),(54,1),(55,1),(56,1),(57,1),(58,1),(59,1),(60,1),(61,1),(62,1),(63,1),(64,1),(65,1),(66,1),(67,1),(68,1),(69,1),(70,1),(71,1),(72,1),(73,1),(74,1),(75,1),(76,1),(77,1),(78,1),(79,1),(80,1),(81,1),(82,1),(83,1),(84,1),(85,1),(86,1),(87,1),(88,1),(89,1),(90,1),(91,1),(92,1),(93,1),(94,1),(95,1),(96,1),(97,1),(98,1),(99,1),(100,1);
/*!40000 ALTER TABLE `music_to_genres` ENABLE KEYS */;
UNLOCK TABLES;

--
-- Table structure for table `playlist_movies`
--

DROP TABLE IF EXISTS `playlist_movies`;
/*!40101 SET @saved_cs_client     = @@character_set_client */;
/*!50503 SET character_set_client = utf8mb4 */;
CREATE TABLE `playlist_movies` (
  `playlist_id` bigint NOT NULL,
  `movie_id` bigint NOT NULL,
  KEY `FK35houpy33i3ihpo14h669xqeu` (`movie_id`),
  KEY `FKwn7a9wxwjkl3f0gv3csep0ga` (`playlist_id`),
  CONSTRAINT `FK35houpy33i3ihpo14h669xqeu` FOREIGN KEY (`movie_id`) REFERENCES `movies` (`id`),
  CONSTRAINT `FKwn7a9wxwjkl3f0gv3csep0ga` FOREIGN KEY (`playlist_id`) REFERENCES `playlists` (`id`)
) ENGINE=InnoDB DEFAULT CHARSET=utf8mb4 COLLATE=utf8mb4_0900_ai_ci;
/*!40101 SET character_set_client = @saved_cs_client */;

--
-- Dumping data for table `playlist_movies`
--

LOCK TABLES `playlist_movies` WRITE;
/*!40000 ALTER TABLE `playlist_movies` DISABLE KEYS */;
INSERT INTO `playlist_movies` VALUES (2,141),(2,139),(2,5);
/*!40000 ALTER TABLE `playlist_movies` ENABLE KEYS */;
UNLOCK TABLES;

--
-- Table structure for table `playlist_music`
--

DROP TABLE IF EXISTS `playlist_music`;
/*!40101 SET @saved_cs_client     = @@character_set_client */;
/*!50503 SET character_set_client = utf8mb4 */;
CREATE TABLE `playlist_music` (
  `playlist_id` bigint NOT NULL,
  `music_id` bigint NOT NULL,
  KEY `FK5g0xtl5e89uycye0jo1ll65sq` (`music_id`),
  KEY `FKprmk2eaf5owals8yf2fn113lm` (`playlist_id`),
  CONSTRAINT `FK5g0xtl5e89uycye0jo1ll65sq` FOREIGN KEY (`music_id`) REFERENCES `music` (`id`),
  CONSTRAINT `FKprmk2eaf5owals8yf2fn113lm` FOREIGN KEY (`playlist_id`) REFERENCES `playlists` (`id`)
) ENGINE=InnoDB DEFAULT CHARSET=utf8mb4 COLLATE=utf8mb4_0900_ai_ci;
/*!40101 SET character_set_client = @saved_cs_client */;

--
-- Dumping data for table `playlist_music`
--

LOCK TABLES `playlist_music` WRITE;
/*!40000 ALTER TABLE `playlist_music` DISABLE KEYS */;
INSERT INTO `playlist_music` VALUES (2,5);
/*!40000 ALTER TABLE `playlist_music` ENABLE KEYS */;
UNLOCK TABLES;

--
-- Table structure for table `playlists`
--

DROP TABLE IF EXISTS `playlists`;
/*!40101 SET @saved_cs_client     = @@character_set_client */;
/*!50503 SET character_set_client = utf8mb4 */;
CREATE TABLE `playlists` (
  `id` bigint NOT NULL AUTO_INCREMENT,
  `created_at` datetime(6) NOT NULL,
  `name` varchar(100) NOT NULL,
  `user_id` bigint NOT NULL,
  `is_public` bit(1) NOT NULL,
  `rating` double NOT NULL,
  PRIMARY KEY (`id`),
  KEY `FKtgjwvfg23v990xk7k0idmqbrj` (`user_id`),
  CONSTRAINT `FKtgjwvfg23v990xk7k0idmqbrj` FOREIGN KEY (`user_id`) REFERENCES `users` (`id`)
) ENGINE=InnoDB AUTO_INCREMENT=3 DEFAULT CHARSET=utf8mb4 COLLATE=utf8mb4_0900_ai_ci;
/*!40101 SET character_set_client = @saved_cs_client */;

--
-- Dumping data for table `playlists`
--

LOCK TABLES `playlists` WRITE;
/*!40000 ALTER TABLE `playlists` DISABLE KEYS */;
INSERT INTO `playlists` VALUES (2,'2026-01-02 23:33:21.039073','C Jalloh\'s Favorite ',1,_binary '',0);
/*!40000 ALTER TABLE `playlists` ENABLE KEYS */;
UNLOCK TABLES;

--
-- Table structure for table `reviews`
--

DROP TABLE IF EXISTS `reviews`;
/*!40101 SET @saved_cs_client     = @@character_set_client */;
/*!50503 SET character_set_client = utf8mb4 */;
CREATE TABLE `reviews` (
  `id` bigint NOT NULL AUTO_INCREMENT,
  `content_id` bigint DEFAULT NULL,
  `content_type` tinyint DEFAULT NULL,
  `created_at` datetime(6) NOT NULL,
  `rating` int NOT NULL,
  `review_text` text,
  `user_id` bigint NOT NULL,
  PRIMARY KEY (`id`),
  KEY `FKcgy7qjc1r99dp117y9en6lxye` (`user_id`),
  CONSTRAINT `FKcgy7qjc1r99dp117y9en6lxye` FOREIGN KEY (`user_id`) REFERENCES `users` (`id`),
  CONSTRAINT `reviews_chk_1` CHECK ((`content_type` between 0 and 1))
) ENGINE=InnoDB AUTO_INCREMENT=6 DEFAULT CHARSET=utf8mb4 COLLATE=utf8mb4_0900_ai_ci;
/*!40101 SET character_set_client = @saved_cs_client */;

--
-- Dumping data for table `reviews`
--

LOCK TABLES `reviews` WRITE;
/*!40000 ALTER TABLE `reviews` DISABLE KEYS */;
INSERT INTO `reviews` VALUES (2,3,0,'2025-12-28 23:27:21.256808',4,'i love the show it was quite good',1),(3,1,0,'2025-12-28 23:27:54.172991',5,'my favorite show so far \njust wonderful',1),(4,167,0,'2025-12-28 23:53:21.438814',3,'cool movie',1),(5,1,0,'2026-01-01 22:19:48.313334',3,'i loved  the movie but it was way too long',4);
/*!40000 ALTER TABLE `reviews` ENABLE KEYS */;
UNLOCK TABLES;

--
-- Table structure for table `users`
--

DROP TABLE IF EXISTS `users`;
/*!40101 SET @saved_cs_client     = @@character_set_client */;
/*!50503 SET character_set_client = utf8mb4 */;
CREATE TABLE `users` (
  `id` bigint NOT NULL AUTO_INCREMENT,
  `created_at` datetime(6) NOT NULL,
  `email` varchar(100) NOT NULL,
  `password` varchar(255) NOT NULL,
  `role` enum('ADMIN','USER') NOT NULL,
  `username` varchar(50) NOT NULL,
  `bio` varchar(500) DEFAULT NULL,
  `profile_picture` varchar(255) DEFAULT NULL,
  `theme_preference` varchar(255) DEFAULT NULL,
  PRIMARY KEY (`id`),
  UNIQUE KEY `UK6dotkott2kjsp8vw4d0m25fb7` (`email`),
  UNIQUE KEY `UKr43af9ap4edm43mmtq01oddj6` (`username`)
) ENGINE=InnoDB AUTO_INCREMENT=5 DEFAULT CHARSET=utf8mb4 COLLATE=utf8mb4_0900_ai_ci;
/*!40101 SET character_set_client = @saved_cs_client */;

--
-- Dumping data for table `users`
--

LOCK TABLES `users` WRITE;
/*!40000 ALTER TABLE `users` DISABLE KEYS */;
INSERT INTO `users` VALUES (1,'2025-12-27 22:10:36.457655','esjallow03@gmail.com','$2a$10$EUUoyY2PaVE4i8cUXRTxY.UWwyAuB4aaHn7WVupbZEc85iC420ljW','USER','C Jalloh','','dc0d1777-0437-4cbb-832c-15da3fe4d6d8_IMG-20220828-WA0154.jpg','sunset'),(2,'2025-12-28 22:55:19.957098','test@example.com','$2a$10$GxV68tzm9DsgIw58PYMeXOHmxXAJes7/39VfS7k2q0Ax0sEQP7TFK','USER','testuser',NULL,NULL,'light'),(3,'2025-12-31 11:46:58.697632','mariamaedarboe@gmail.com','$2a$10$dFALnvz8Dem4BhpaLQOEteeF/fBcp72Rjve1mD8Zt8ukqETklZHwq','USER','Mariama Darboe','','8dd1bf73-9ce8-4ce5-b189-d578f642f6c3_Screenshot from 2025-01-29 17-27-39.png','light'),(4,'2026-01-01 22:16:48.582613','brainz@gmail.com','$2a$10$KzuyFjMi/jTNZkfUZjd1uOG4tt7BTCjElVTbDlqXd/QmoVEHYkj8e','USER','Brianz','','1c4f40d0-09cb-46fc-874d-ec2ccf712075_Screenshot from 2024-12-03 22-24-49.png','light');
/*!40000 ALTER TABLE `users` ENABLE KEYS */;
UNLOCK TABLES;
/*!40103 SET TIME_ZONE=@OLD_TIME_ZONE */;

/*!40101 SET SQL_MODE=@OLD_SQL_MODE */;
/*!40014 SET FOREIGN_KEY_CHECKS=@OLD_FOREIGN_KEY_CHECKS */;
/*!40014 SET UNIQUE_CHECKS=@OLD_UNIQUE_CHECKS */;
/*!40101 SET CHARACTER_SET_CLIENT=@OLD_CHARACTER_SET_CLIENT */;
/*!40101 SET CHARACTER_SET_RESULTS=@OLD_CHARACTER_SET_RESULTS */;
/*!40101 SET COLLATION_CONNECTION=@OLD_COLLATION_CONNECTION */;
/*!40111 SET SQL_NOTES=@OLD_SQL_NOTES */;

-- Dump completed on 2026-01-06 14:22:02
